filename,movement,subject,episode,label,dimensionless_jerk,duration_s,mean_acceleration_mm_s2,mean_jerk_mm_s3,mean_velocity_mm_s,n_frames,peak_acceleration_mm_s2,peak_jerk_mm_s3,peak_velocity_mm_s,range_x_mm,range_y_mm,range_z_mm,rms_jerk_mm_s3,sparc,std_jerk_mm_s3,std_velocity_mm_s,velocity_x_mean,velocity_y_mean,velocity_z_mean
m07_s01_e01_positions_inc.txt.gz,m07,s01,e01,1,-7.960661,1.910000,3489.843577,24782.902477,849.454080,191,7133.974253,149419.159281,1615.032554,69.538435,384.654541,652.452670,32754.180525,-2.603824,21415.977369,428.194649,-31.070377,-25.932301,-2.804419
m07_s01_e02_positions_inc.txt.gz,m07,s01,e02,1,-7.856240,2.120000,3135.799315,20968.906031,767.224962,212,5708.237015,66217.651027,1471.604545,29.692873,358.302796,662.823008,24224.132228,-2.682926,12129.037970,430.269513,5.155415,2.565646,-3.255173
m07_s01_e03_positions_inc.txt.gz,m07,s01,e03,1,-8.265471,2.050000,4041.016696,29690.123604,969.946384,205,7640.916984,149853.106369,1818.621391,40.558636,344.479181,845.037507,38630.982218,-2.876303,24715.366626,500.348825,0.728679,-7.748678,6.193606
m07_s01_e04_positions_inc.txt.gz,m07,s01,e04,1,-8.422849,2.040000,4897.698872,34834.082551,1113.415007,204,10204.379013,213396.243511,1936.088403,97.638973,296.268365,953.457669,44820.678127,-2.834775,28204.252881,543.989263,-5.249641,-0.866559,8.600320
m07_s01_e05_positions_inc.txt.gz,m07,s01,e05,1,-8.688537,2.190000,4824.160089,38039.437328,1062.377715,219,10038.218243,175608.738288,2039.464888,148.737514,297.329154,934.580418,48477.684428,-3.022452,30051.407542,563.239780,9.131983,15.978007,-2.253735
m07_s01_e06_positions_inc.txt.gz,m07,s01,e06,1,-8.630562,2.170000,4984.770905,37810.858102,1097.116041,217,8652.483180,184594.299676,1955.336866,151.836041,316.978281,960.118183,45775.680454,-2.940876,25802.169106,570.987844,2.645189,8.905236,-7.780020
m07_s01_e07_positions_inc.txt.gz,m07,s01,e07,1,-8.973308,2.260000,7012.828673,60647.371876,1365.838013,226,14301.116122,173584.807242,2801.631422,123.238214,613.831892,1057.854360,73244.900184,-2.869830,41069.595657,776.188445,-12.322707,-1.298974,-8.986871
m07_s01_e08_positions_inc.txt.gz,m07,s01,e08,1,-8.954883,2.210000,7109.694792,58248.791041,1386.702575,221,13220.206193,178943.321983,2707.265122,61.772553,589.993018,1074.338906,72522.139055,-2.962856,43203.460457,753.349017,14.994822,2.779104,3.162287
m07_s01_e09_positions_inc.txt.gz,m07,s01,e09,1,-9.021550,2.210000,6955.493530,57884.627176,1350.190313,221,12670.731012,212872.322548,2523.705044,101.801766,564.036307,1069.921597,69896.403701,-3.041786,39177.508688,751.043870,-13.015112,-3.109158,-7.462495
m07_s01_e10_positions_inc.txt.gz,m07,s01,e10,1,-9.030799,2.250000,7099.174710,59074.738316,1403.286062,225,13942.129138,171612.091482,2670.268958,88.030094,607.830463,1072.884275,72325.973116,-3.006467,41727.948430,740.925137,-3.626903,16.814505,0.641761
m07_s02_e01_positions_inc.txt.gz,m07,s02,e01,1,-8.056269,1.770000,6034.422067,48745.551383,1252.816032,177,9046.850435,201394.227254,2321.247424,195.782965,406.102237,1000.189436,55355.165865,-2.879029,26231.004715,828.372672,-52.639970,124.722528,-60.926217
m07_s02_e02_positions_inc.txt.gz,m07,s02,e02,1,-8.611081,2.480000,5429.784438,42694.907608,1083.459364,248,10707.669294,102649.806968,2633.241045,149.607723,460.730925,1078.834298,49967.252296,-3.302389,25959.028610,829.278436,-6.140806,0.075753,-5.583318
m07_s02_e03_positions_inc.txt.gz,m07,s02,e03,1,-8.549330,2.140000,6789.475143,54606.672313,1270.800410,214,11088.328963,106420.589842,2638.156566,350.511178,357.705940,1070.893390,60554.062062,-3.114301,26170.704445,871.049806,5.480369,5.301774,-1.171039
m07_s02_e04_positions_inc.txt.gz,m07,s02,e04,1,-9.019451,2.830000,4946.622912,38736.487299,955.198917,283,9572.456744,132366.420272,2405.131192,114.963192,533.686263,1018.737059,45920.657636,-3.352899,24661.535830,792.009999,8.624014,-9.471381,10.631612
m07_s02_e05_positions_inc.txt.gz,m07,s02,e05,1,-8.499705,2.320000,5271.739960,41443.506556,1022.940149,232,9777.982973,105069.855998,2430.043225,106.939868,482.923619,938.500079,48202.488947,-3.310248,24615.355067,760.790100,-9.970336,1.686735,-8.147030
m07_s02_e06_positions_inc.txt.gz,m07,s02,e06,1,-8.495029,2.470000,4392.536345,33237.840136,947.697666,247,8391.383002,90140.592701,2132.871177,104.008001,500.935706,910.486030,38423.007376,-3.298854,19276.241307,680.756155,-5.079461,5.726999,4.770868
m07_s02_e07_positions_inc.txt.gz,m07,s02,e07,1,-8.442555,2.690000,3848.292981,27428.547261,870.232056,269,6766.770449,63943.549225,2042.251222,261.218484,460.684538,907.543150,31532.486594,-3.212485,15555.465468,641.131881,-5.043171,5.691862,-1.951582
m07_s02_e08_positions_inc.txt.gz,m07,s02,e08,1,-8.704766,3.480000,2794.461193,18055.966909,671.529859,348,6617.525889,73570.617480,1954.233904,119.531889,487.314762,902.444896,23378.873696,-2.863355,14851.053642,631.580294,-2.906257,-2.705460,0.574178
m07_s02_e09_positions_inc.txt.gz,m07,s02,e09,1,-7.838693,2.700000,2205.685746,12904.151485,604.879323,270,4441.925382,27939.513576,1249.241819,51.037249,475.051531,578.658376,14182.455313,-2.615245,5884.293768,406.425224,-1.127884,-3.610403,-1.031119
m07_s02_e10_positions_inc.txt.gz,m07,s02,e10,1,-7.913718,2.560000,2252.075070,13964.809099,615.351843,256,4781.842561,40729.381016,1270.427077,52.212895,474.939083,553.802300,16219.292222,-2.773755,8249.214932,386.929421,3.352701,3.989080,1.849457
m07_s03_e01_positions_inc.txt.gz,m07,s03,e01,1,-8.943736,2.950000,2544.367452,21281.000210,682.030797,295,6651.038380,139329.346750,1660.716876,114.163082,385.970438,800.893596,28686.010488,-4.138463,19235.545944,505.082174,-13.659228,-0.974491,-3.230748
m07_s03_e02_positions_inc.txt.gz,m07,s03,e02,1,-9.031577,3.000000,3216.675552,24277.676418,764.051874,300,6451.965984,117715.590690,1675.450426,215.512574,349.895414,915.958552,29487.072399,-3.645265,16735.646580,545.009092,16.632174,-5.935420,3.778804
m07_s03_e03_positions_inc.txt.gz,m07,s03,e03,1,-8.853018,3.000000,2906.815451,24850.733128,757.624091,300,6216.613816,120669.218813,1821.194113,215.541212,389.107719,879.061879,29314.522736,-3.375353,15549.350669,494.741509,4.060843,0.032612,-1.984294
m07_s03_e04_positions_inc.txt.gz,m07,s03,e04,1,-9.315615,3.850000,2041.825197,13234.862090,647.053308,385,4165.181046,89014.171851,1260.260898,225.382188,420.615741,929.621809,17584.475931,-3.368185,11578.092210,415.912548,-6.080631,10.809338,0.172605
m07_s03_e05_positions_inc.txt.gz,m07,s03,e05,1,-9.100254,3.420000,2440.176446,17149.078831,691.320254,342,6542.274874,111380.529155,1532.889010,189.832473,350.505111,940.027146,22938.586894,-3.582673,15234.430214,465.413643,1.907219,-13.694729,1.771679
m07_s03_e06_positions_inc.txt.gz,m07,s03,e06,1,-8.802769,3.640000,2055.475533,13392.012468,604.554632,364,3803.177734,55416.299243,1334.853596,132.440561,399.458559,861.983061,15677.562835,-3.548348,8151.072230,437.538436,1.385191,0.187688,0.404179
m07_s03_e07_positions_inc.txt.gz,m07,s03,e07,1,-8.872084,3.990000,1670.244693,10329.367156,551.934852,399,3481.470869,46301.085252,1166.952938,86.546078,373.698439,896.128071,12363.534190,-3.538727,6794.199865,407.592178,-1.075501,3.411438,-0.399895
m07_s03_e08_positions_inc.txt.gz,m07,s03,e08,1,-8.864831,3.670000,2208.244227,13909.124402,623.097971,367,4527.436225,79988.103767,1474.355803,149.586438,362.884316,917.972915,17643.180153,-4.074848,10854.402991,513.374796,-3.261474,0.613809,-1.298087
m07_s03_e09_positions_inc.txt.gz,m07,s03,e09,1,-9.000370,3.040000,2461.323146,17793.257650,716.548307,304,6237.192879,116712.391743,1403.262805,243.615225,391.094256,852.816916,23836.042744,-3.509201,15860.545890,449.842871,-7.134963,0.221781,-3.379979
m07_s03_e10_positions_inc.txt.gz,m07,s03,e10,1,-10.478367,3.270000,3000.856705,28467.086123,748.861680,327,13833.650771,255183.336800,1476.073964,223.893755,370.337699,938.651305,47058.167624,-3.402157,37471.270965,435.865308,12.720844,15.771471,0.896022
m07_s04_e01_positions_inc.txt.gz,m07,s04,e01,1,-7.689489,1.700000,2402.046021,16047.816147,515.056227,170,3972.193879,77894.402254,930.296890,26.010141,360.761958,230.057601,19620.017915,-2.623114,11287.723415,289.993283,-3.202226,7.919216,-6.258450
m07_s04_e02_positions_inc.txt.gz,m07,s04,e02,1,-8.008821,2.220000,2746.062201,19028.855078,626.080370,222,4092.360068,46017.339774,1263.338817,34.453582,412.453798,484.148742,20945.168174,-2.770109,8752.299370,411.356953,-0.318412,-0.384229,3.261617
m07_s04_e03_positions_inc.txt.gz,m07,s04,e03,1,-8.112307,2.260000,3529.144817,25028.332729,820.551977,226,9293.312601,92245.559454,1867.256666,47.843428,442.453302,709.843573,31739.970753,-2.468969,19519.434014,511.310458,4.046380,-1.713927,3.966434
m07_s04_e04_positions_inc.txt.gz,m07,s04,e04,1,-8.015826,2.370000,2958.445725,18961.155212,744.976610,237,4857.451738,72561.990709,1467.475553,49.904967,423.992374,676.565341,22134.146632,-2.755782,11419.064767,422.237472,8.751020,3.207380,-4.777070
m07_s04_e05_positions_inc.txt.gz,m07,s04,e05,1,-8.745411,2.770000,3810.142015,25537.180537,1034.948244,277,8730.390835,113145.515104,1812.896924,85.817363,417.176917,1096.510001,31167.028114,-2.313828,17867.178056,480.568989,-5.664591,9.023176,-9.379797
m07_s04_e06_positions_inc.txt.gz,m07,s04,e06,1,-8.361210,2.530000,2609.318109,18197.058126,662.863433,253,5339.575863,52450.742917,1316.497290,73.129248,429.920534,622.809984,21397.004483,-2.851672,11256.059541,385.828458,6.510260,-6.651675,21.085253
m07_s04_e07_positions_inc.txt.gz,m07,s04,e07,1,-9.012584,2.600000,5851.314037,43191.123011,1227.258689,260,10468.453341,140010.712739,2371.797168,100.792476,494.133561,1159.250807,51247.811908,-2.928675,27583.783611,793.236149,-11.774395,-1.621049,-12.771058
m07_s04_e08_positions_inc.txt.gz,m07,s04,e08,1,-8.642107,2.350000,5231.275624,39049.827172,1145.673203,235,8553.711747,115673.374145,2166.878449,96.031164,410.591893,1046.470364,45273.339573,-2.952098,22908.214115,671.241122,-11.521798,0.688410,-2.760853
m07_s04_e09_positions_inc.txt.gz,m07,s04,e09,1,-8.715963,2.480000,5305.462067,37846.011425,1207.562752,248,8411.317790,154026.290251,2252.288512,111.849501,422.928764,1122.206267,45039.525551,-3.149483,24417.990929,649.534838,25.491634,4.183927,1.795000
m07_s04_e10_positions_inc.txt.gz,m07,s04,e10,1,-8.769437,2.610000,5721.696113,38626.988355,1271.216576,261,8708.227192,136570.200299,2394.664814,187.487099,537.528960,1188.638480,45555.729948,-2.935313,24151.196694,726.156933,-16.139893,2.298377,-12.419980
m07_s05_e01_positions_inc.txt.gz,m07,s05,e01,1,-8.511284,2.030000,3505.450430,25367.070942,963.992710,203,7671.043608,146380.815081,1388.766789,56.956562,268.767071,877.605654,33852.222137,-2.781519,22416.169510,393.600099,-19.942686,-8.120835,3.825201
m07_s05_e02_positions_inc.txt.gz,m07,s05,e02,1,-9.195554,2.210000,3201.470984,28861.253220,824.665581,221,10508.589401,209637.519679,1509.565055,85.225029,338.640179,775.795817,45609.212638,-3.470092,35316.120116,457.103968,4.604202,7.668679,-3.912309
m07_s05_e03_positions_inc.txt.gz,m07,s05,e03,1,-9.155351,2.240000,5257.739588,43445.624562,1203.845001,224,13774.830186,306128.325826,2134.564308,111.030268,367.458993,1105.627038,61943.611581,-3.273309,44153.014871,659.041433,-22.217464,-4.379597,-9.528069
m07_s05_e04_positions_inc.txt.gz,m07,s05,e04,1,-8.302013,2.030000,4433.103001,35658.471572,1132.150772,203,7960.376216,163274.528329,2018.952530,84.538128,324.563606,991.683816,44324.237895,-2.723312,26327.010277,479.696252,26.371267,1.682451,16.892151
m07_s05_e05_positions_inc.txt.gz,m07,s05,e05,1,-8.408652,2.010000,4403.473871,34492.841095,1032.871012,201,8399.742589,168874.237726,1895.491754,65.917795,336.336121,906.921569,44549.566869,-2.968383,28194.109694,544.153730,2.468950,-5.490989,0.228908
m07_s05_e06_positions_inc.txt.gz,m07,s05,e06,1,-8.883735,2.300000,4235.921350,43897.449218,1039.664707,230,12244.456661,232216.705065,2446.113416,73.554315,441.183144,1013.524577,59561.201496,-2.766497,40256.063838,525.021111,5.250988,16.381462,14.088998
m07_s05_e07_positions_inc.txt.gz,m07,s05,e07,1,-8.859939,2.090000,6067.718519,50048.611842,1308.770045,209,13919.231339,283829.261872,2288.417181,54.232610,372.498262,1109.603391,63566.329237,-2.915763,39189.471360,617.038724,-21.869776,-16.809945,-30.232833
m07_s05_e08_positions_inc.txt.gz,m07,s05,e08,1,-8.745402,2.130000,3089.497965,24887.276881,825.247978,213,10206.409840,220512.794354,1511.558582,106.217878,369.699745,752.331250,38538.566710,-3.038840,29425.237017,421.683921,24.207993,17.200938,11.033455
m07_s05_e09_positions_inc.txt.gz,m07,s05,e09,1,-8.549507,2.150000,3563.699731,28467.577382,891.771654,215,7813.737862,146577.127193,1652.992179,217.134379,354.125556,817.179257,37680.357304,-2.924863,24686.157348,450.522054,-32.651339,34.972337,-21.581574
m07_s05_e10_positions_inc.txt.gz,m07,s05,e10,1,-8.634634,2.320000,3545.398901,25417.848702,903.755212,232,10256.922930,218654.204060,1806.904961,91.062059,417.781965,872.730813,38343.361811,-2.777471,28707.949462,489.251580,28.513417,-21.795915,10.401038
m07_s06_e01_positions_inc.txt.gz,m07,s06,e01,1,-8.140264,1.610000,6167.887424,57434.912552,1058.978458,161,10839.214378,157584.176286,2315.062795,97.761007,339.088428,860.347402,66368.154349,-3.109143,33256.017980,739.816583,0.468685,182.319329,-183.465747
m07_s06_e02_positions_inc.txt.gz,m07,s06,e02,1,-8.940870,2.230000,5086.930228,44766.839257,950.708695,223,9382.313805,155424.231661,1903.340172,68.146705,346.893489,863.907119,49951.024238,-3.259369,22159.307873,656.968982,-11.196800,9.666191,-6.121599
m07_s06_e03_positions_inc.txt.gz,m07,s06,e03,1,-8.729647,2.200000,4274.396442,37809.581881,835.929478,220,7545.383164,123617.646438,1810.824974,55.584470,351.064818,741.482686,43637.631982,-3.409713,21787.116444,618.938462,-3.603709,-0.491472,-2.870282
m07_s06_e04_positions_inc.txt.gz,m07,s06,e04,1,-8.506240,2.420000,3454.248170,25942.954971,858.629241,242,6632.069618,117765.816044,1711.883554,130.818109,338.202775,860.727079,31978.467893,-3.233875,18697.205571,516.626548,16.868400,-19.531830,5.566678
m07_s06_e05_positions_inc.txt.gz,m07,s06,e05,1,-8.845678,2.300000,4573.418745,33332.297353,1076.901154,230,9958.304891,203988.417865,1852.456241,93.562199,377.529528,970.403180,44255.853800,-3.151491,29112.515328,529.269060,-15.886439,3.756995,-2.921776
m07_s06_e06_positions_inc.txt.gz,m07,s06,e06,1,-9.096466,2.210000,5786.044744,45619.459520,1177.712679,221,12795.049003,263236.593996,2068.708803,110.190581,418.546525,996.153984,59481.714054,-3.217159,38169.873198,644.847203,-0.854908,3.510112,-10.199845
m07_s06_e07_positions_inc.txt.gz,m07,s06,e07,1,-8.761803,2.380000,4278.631988,28926.594226,1074.236822,238,8004.501983,147582.811112,1733.517556,30.084977,394.099607,989.799872,37728.025679,-2.892112,24220.984046,498.527026,12.054800,13.918034,-3.110306
m07_s06_e08_positions_inc.txt.gz,m07,s06,e08,1,-9.015520,2.380000,4640.071040,37056.559090,1024.421273,238,10379.900695,219286.287823,1979.197031,95.300079,339.131880,935.092045,48901.124489,-3.079777,31908.171440,564.371316,-11.786308,-0.437470,0.306837
m07_s06_e09_positions_inc.txt.gz,m07,s06,e09,1,-10.441376,5.040000,2215.887499,15906.090472,521.307093,504,7550.631470,159766.497485,1520.912477,58.480985,376.101796,981.988920,24875.652088,-2.909949,19125.751036,583.082733,11.050723,-1.837111,11.762710
m07_s06_e10_positions_inc.txt.gz,m07,s06,e10,1,-9.652757,3.250000,2009.505865,18838.572517,363.040943,325,7541.382488,135765.506342,1274.290744,164.431332,321.205008,418.366098,27133.956883,-3.601516,19528.435720,405.133867,11.729248,7.829270,11.443433
m07_s07_e01_positions_inc.txt.gz,m07,s07,e01,1,-9.888508,1.880000,279.499682,3121.289061,39.364163,188,500.094394,5573.841457,61.909939,14.052042,21.930257,16.096933,3371.209983,-2.730079,1273.817626,14.121315,4.968192,3.530533,6.185178
m07_s07_e02_positions_inc.txt.gz,m07,s07,e02,1,-9.062798,2.190000,278.922334,2941.213022,50.354092,219,695.989975,11113.531683,120.361224,37.378627,21.688618,29.566251,3449.706132,-2.506165,1802.703068,29.078932,15.055727,2.117789,4.007348
m07_s07_e03_positions_inc.txt.gz,m07,s07,e03,1,-9.281781,1.910000,229.188138,2746.583489,36.323019,191,656.857512,14362.644069,88.615251,29.362346,19.829709,11.516011,3479.137854,-3.509959,2135.574711,24.300095,-11.410441,-0.445236,-2.944264
m07_s07_e04_positions_inc.txt.gz,m07,s07,e04,1,-8.588292,2.580000,709.353802,5313.762870,159.703858,258,1769.704815,13201.392241,345.757452,72.148857,61.787570,167.263590,6113.160947,-2.210755,3022.360158,82.087966,15.736264,1.713037,4.695257
m07_s07_e05_positions_inc.txt.gz,m07,s07,e05,1,-8.193599,2.710000,582.220393,4255.507583,173.552437,271,1707.094348,16030.872989,371.801466,58.967719,89.838506,191.491895,5012.732945,-2.258790,2649.178512,84.518882,-5.878142,-0.481128,-3.459933
m07_s07_e06_positions_inc.txt.gz,m07,s07,e06,1,-8.612978,2.070000,547.679200,5399.388407,125.597998,207,1135.050097,16003.930678,237.079713,58.215607,65.440644,106.856018,5905.044808,-2.709917,2390.849017,48.935259,-28.508852,11.441629,-11.601941
m07_s07_e07_positions_inc.txt.gz,m07,s07,e07,1,-9.678045,2.520000,412.535928,3942.782561,82.003621,252,961.538449,17645.481000,149.970106,52.039747,83.639876,32.345117,4736.577023,-2.597508,2624.810006,23.948884,4.626124,-16.401948,3.786981
m07_s07_e08_positions_inc.txt.gz,m07,s07,e08,1,-9.340359,2.280000,399.641666,3895.669757,72.984064,228,1101.683333,13234.489338,147.979746,52.557568,42.574137,46.787321,4587.046395,-2.822253,2421.724959,29.557897,9.016110,7.710098,5.404890
m07_s07_e09_positions_inc.txt.gz,m07,s07,e09,1,-8.176057,2.280000,473.149617,3855.046362,158.005383,228,1410.314350,12161.645337,249.853358,44.006301,82.511180,162.995830,4327.042304,-2.351795,1965.174965,63.985827,9.321900,-7.915898,8.991626
m07_s07_e10_positions_inc.txt.gz,m07,s07,e10,1,-7.503135,1.900000,1320.013439,14072.990920,219.871554,190,6992.773677,138688.584274,1494.595774,143.055472,205.658671,115.296514,24304.042411,-2.153830,19815.080219,307.837694,75.521537,110.921701,4.722697
m07_s08_e01_positions_inc.txt.gz,m07,s08,e01,1,-8.119938,1.340000,7170.213219,70516.606207,1129.966663,134,14346.692499,177483.187610,2185.764713,62.322375,446.839051,546.846843,81689.899880,-2.865928,41238.913559,665.128984,-17.577816,25.740360,2.779333
m07_s08_e02_positions_inc.txt.gz,m07,s08,e02,1,-8.608570,1.750000,6144.154092,54630.773478,992.587180,175,13712.374483,142680.349303,1933.895324,362.201496,251.945155,640.147297,61830.562850,-2.635792,28956.814249,660.505323,30.726985,-6.707389,11.259080
m07_s08_e03_positions_inc.txt.gz,m07,s08,e03,1,-8.425863,1.640000,6228.560863,57891.175977,1137.987615,164,11292.192665,214606.626898,2065.408728,350.761262,393.523263,663.010523,66434.405580,-2.490506,32590.519922,561.678132,-64.044137,-12.315118,-4.744091
m07_s08_e04_positions_inc.txt.gz,m07,s08,e04,1,-8.226949,1.650000,6410.278822,53243.376621,1223.206787,165,9019.759038,161386.870245,2033.069664,112.347697,400.970970,813.376230,58665.891328,-2.596053,24633.912626,551.351426,41.058830,29.668941,-10.596926
m07_s08_e05_positions_inc.txt.gz,m07,s08,e05,1,-8.304050,1.860000,6045.339458,46138.125695,1210.945370,186,8368.468271,148064.876076,1989.997616,384.489044,244.327727,900.167604,49863.724313,-2.543518,18912.016279,563.674865,-47.066130,-15.977757,16.520036
m07_s08_e06_positions_inc.txt.gz,m07,s08,e06,1,-8.583043,1.820000,7100.256991,59347.815080,1331.596890,182,9679.044902,181048.758581,2168.682078,335.294913,303.626908,909.095033,64546.541223,-2.612684,25378.984003,598.972194,28.170423,27.988685,4.368904
m07_s08_e07_positions_inc.txt.gz,m07,s08,e07,1,-8.638632,1.830000,6728.138570,60859.345540,1334.885712,183,10203.150637,176481.913013,2265.766892,232.290509,327.686947,958.742529,68769.141857,-2.676471,32020.851521,633.732510,4.401025,-21.880015,-13.871699
m07_s08_e08_positions_inc.txt.gz,m07,s08,e08,1,-8.562169,1.790000,7675.711955,67262.181846,1382.983455,179,12138.559548,196355.026124,2574.172222,90.516295,357.083164,956.096074,77733.721976,-2.710489,38965.759657,702.732600,-36.555684,-6.468739,-10.437782
m07_s08_e09_positions_inc.txt.gz,m07,s08,e09,1,-8.594351,1.780000,7151.230111,58233.703766,1441.172994,178,10698.611677,230804.889776,2156.710870,386.009144,425.230212,961.709673,66742.341804,-2.738120,32609.445490,594.428338,64.806076,8.160411,4.552134
m07_s08_e10_positions_inc.txt.gz,m07,s08,e10,1,-8.842175,1.560000,7668.744629,72305.747606,1224.032808,156,14832.054199,306652.609811,2085.519522,260.371718,289.210914,768.333071,89039.203377,-2.999827,51960.163598,635.135257,-38.472210,14.306741,-0.381049
m07_s09_e01_positions_inc.txt.gz,m07,s09,e01,1,-8.352714,1.570000,5121.530300,48096.328017,978.484894,157,9929.388719,215075.285568,1709.024370,65.873799,396.573015,587.619891,56580.610119,-2.743210,29801.152205,477.025073,-12.469597,5.323657,-14.707467
m07_s09_e02_positions_inc.txt.gz,m07,s09,e02,1,-8.482919,1.810000,4642.756861,40693.810581,867.118516,181,8392.303020,124097.590056,1611.788073,86.028196,392.583670,583.357670,46007.902693,-2.930581,21464.875742,537.168167,-6.154551,4.249119,-0.720179
m07_s09_e03_positions_inc.txt.gz,m07,s09,e03,1,-8.434018,2.190000,2884.266608,22992.935448,712.015398,219,5580.267279,122616.303272,1303.955284,64.745857,399.949210,585.239284,27291.051797,-3.035715,14701.238984,402.025465,3.008683,-0.368213,5.556008
m07_s09_e04_positions_inc.txt.gz,m07,s09,e04,1,-8.014888,1.970000,3852.598392,27064.033491,901.402647,197,6061.584067,97936.954970,1614.877648,138.316355,357.532488,700.669722,32125.587631,-2.567668,17308.710865,429.068566,1.141842,-3.769938,-4.203992
m07_s09_e05_positions_inc.txt.gz,m07,s09,e05,1,-8.427913,1.960000,4438.360728,33956.933674,970.533092,196,9258.794117,188362.478889,1730.835441,127.329696,365.595687,757.028633,42654.976405,-2.807772,25814.214448,471.927475,4.465410,-11.709888,3.298809
m07_s09_e06_positions_inc.txt.gz,m07,s09,e06,1,-8.384531,1.950000,3388.429014,26279.506246,829.075472,195,8235.232646,167632.188707,1495.013430,108.000488,335.903358,652.250072,36330.466325,-2.912643,25085.659945,384.036308,6.075394,-6.950941,9.373951
m07_s09_e07_positions_inc.txt.gz,m07,s09,e07,1,-8.858856,1.880000,3329.095519,34766.424729,596.540470,188,12391.112456,254173.719417,1556.871737,68.429140,408.490429,332.128430,50663.142858,-2.962537,36851.726633,414.370875,10.956105,24.339441,0.341070
m07_s09_e08_positions_inc.txt.gz,m07,s09,e08,1,-9.088813,3.090000,3258.746659,24421.736562,611.798345,309,7729.816962,74002.410450,1777.016699,61.761476,422.253366,660.648145,30786.797673,-2.509371,18745.818047,547.877315,-12.673860,-6.116588,-9.158472
m07_s09_e09_positions_inc.txt.gz,m07,s09,e09,1,-8.981501,2.200000,7642.739874,59554.103998,1427.587382,220,12215.997547,130677.747669,2455.947321,120.330339,703.301668,1028.636722,67126.383191,-2.517150,30971.923050,768.738460,14.198555,34.192369,-3.426499
m07_s09_e10_positions_inc.txt.gz,m07,s09,e10,1,-8.551691,2.200000,6937.122461,49785.977877,1302.785559,220,11642.605057,113548.376305,2537.657272,120.013554,495.730764,1017.983217,55946.772833,-2.558467,25522.495907,717.836616,-14.936047,-31.405963,3.357745
m07_s10_e01_positions_inc.txt.gz,m07,s10,e01,1,-8.521475,1.530000,250.183575,2412.269048,38.827194,153,514.164286,5946.833544,73.329964,15.936945,12.489787,13.880093,2745.737676,-2.319564,1311.500447,16.534376,2.857458,-2.927556,0.158486
m07_s10_e02_positions_inc.txt.gz,m07,s10,e02,1,-9.749259,1.780000,227.313452,2307.342417,29.294970,178,378.136874,7930.662142,46.381425,14.293944,17.133525,9.300514,2557.047523,-2.519844,1102.117509,9.982357,6.605743,7.970724,-3.237662
m07_s10_e03_positions_inc.txt.gz,m07,s10,e03,1,-10.484069,2.500000,330.792576,3376.255225,45.136093,250,577.103004,10548.736530,78.324625,26.045211,20.976517,7.934626,3746.061768,-3.274649,1622.923110,16.637106,-2.850259,-6.669931,-0.192887
m07_s10_e04_positions_inc.txt.gz,m07,s10,e04,1,-8.599818,1.840000,491.872842,4112.117203,89.046119,184,872.191002,13983.410487,153.021887,31.585621,29.485591,56.146523,4518.075476,-2.167101,1871.763373,36.118734,3.560672,3.925018,3.720074
m07_s10_e05_positions_inc.txt.gz,m07,s10,e05,1,-8.654472,2.120000,511.431373,4210.604667,94.332348,212,984.338566,13046.693594,185.074364,57.520034,45.386213,58.256546,4540.849517,-2.274382,1700.036080,49.258816,-12.768820,-0.575294,0.944818
m07_s10_e06_positions_inc.txt.gz,m07,s10,e06,1,-9.798889,2.600000,500.337610,4162.747589,78.165203,260,909.133420,10528.807658,140.796853,42.438261,34.265873,49.300709,4507.489069,-2.763608,1728.869636,35.440950,9.705734,4.092179,1.879188
m07_s10_e07_positions_inc.txt.gz,m07,s10,e07,1,-7.795112,2.010000,985.334344,6407.425811,219.763361,201,2072.565990,19469.937182,413.369058,77.345810,116.210560,148.303427,7148.764300,-2.336558,3170.130201,108.873260,18.069360,-10.137896,4.823116
m07_s10_e08_positions_inc.txt.gz,m07,s10,e08,1,-8.412762,2.130000,1282.407059,8002.774573,263.573021,213,2044.192294,29347.700414,416.035829,77.366758,118.400286,179.427390,8981.924741,-3.019361,4078.059733,100.758790,-4.580434,-9.074252,4.550323
m07_s10_e09_positions_inc.txt.gz,m07,s10,e09,1,-8.525846,2.110000,1310.598780,8391.754911,264.139531,211,2219.843148,33178.806698,400.047764,75.510431,135.416863,165.003542,9269.408098,-3.467420,3937.051690,92.176707,-10.271676,-13.639340,-7.331861
m07_s10_e10_positions_inc.txt.gz,m07,s10,e10,1,-8.402757,1.870000,1053.454447,8633.951508,168.476928,187,1847.347050,20204.934080,350.845161,51.429747,66.653742,84.335038,9161.962462,-2.903839,3065.360912,61.604670,15.668457,35.192240,0.573557
m08_s01_e01_positions_inc.txt.gz,m08,s01,e01,1,-7.380132,1.340000,1171.967169,11156.679303,282.905674,134,1990.164551,32366.393947,479.207104,174.565091,139.027940,21.770430,12372.042055,-2.550675,5347.516390,143.555890,42.743621,39.925143,3.045629
m08_s01_e02_positions_inc.txt.gz,m08,s01,e02,1,-7.912643,1.780000,1248.885220,10993.479573,294.738243,178,2183.627225,29180.456143,558.953261,198.368670,164.659872,32.497757,12301.386197,-2.739919,5519.738151,163.642287,2.826828,-0.410936,3.691572
m08_s01_e03_positions_inc.txt.gz,m08,s01,e03,1,-11.161506,1.650000,2367.453325,43111.969679,301.164915,165,11747.798740,301343.623200,603.949940,184.773344,161.164771,43.248715,75590.147849,-2.677882,62090.486568,151.772598,-28.830192,-24.196193,-14.318174
m08_s01_e04_positions_inc.txt.gz,m08,s01,e04,1,-7.744771,1.700000,2414.584502,18172.015449,534.614254,170,4250.557573,44472.989460,930.377138,23.468622,358.734199,255.480418,20171.646737,-2.541604,8756.322666,301.789213,-7.358553,-2.541372,-3.111828
m08_s01_e05_positions_inc.txt.gz,m08,s01,e05,1,-7.944568,1.970000,2118.648717,15802.786676,483.724057,197,3881.613054,60583.421422,955.174313,31.106198,368.655588,282.533863,18345.280631,-2.651195,9317.792373,297.121911,-8.132814,-9.303392,2.044728
m08_s01_e06_positions_inc.txt.gz,m08,s01,e06,1,-7.801311,1.590000,2333.836024,20404.813573,611.427332,159,3909.003517,81427.372856,1000.456628,45.602980,368.871035,305.609557,24668.102486,-2.809789,13862.137761,282.935009,1.730575,-15.134504,8.692382
m08_s01_e07_positions_inc.txt.gz,m08,s01,e07,1,-10.604028,1.860000,2829.064200,44422.953134,542.819030,186,12393.686258,306341.143717,966.533049,459.280312,232.369972,49.200762,76486.142479,-2.353701,62263.401980,248.147685,46.957620,46.322474,9.547199
m08_s01_e08_positions_inc.txt.gz,m08,s01,e08,1,-10.506336,1.920000,3047.560374,43371.391222,554.053289,192,10699.645188,303674.400446,1047.560252,476.210834,187.829632,48.922413,75274.718121,-2.933295,61524.024671,289.904644,2.708959,-2.136728,-9.768778
m08_s01_e09_positions_inc.txt.gz,m08,s01,e09,1,-7.932615,1.930000,2084.602167,16325.176028,561.445158,193,4039.231687,77637.772902,1033.533813,479.175296,254.743608,102.782095,20348.579196,-2.692683,12147.152051,262.809860,-28.627765,-12.744831,-5.223367
m08_s01_e10_positions_inc.txt.gz,m08,s01,e10,1,-10.066195,1.950000,3017.471663,48475.569904,505.623885,195,12317.723702,293820.136261,1338.550963,485.650696,310.533731,88.308248,75410.101773,-2.854018,57765.063593,416.318541,90.408120,78.204497,44.625558
m08_s02_e01_positions_inc.txt.gz,m08,s02,e01,1,-6.837909,1.430000,1365.127257,10198.240953,328.008908,143,2634.478809,35220.289513,692.006305,59.524163,282.654669,35.384417,12357.742680,-2.723413,6979.232452,208.762554,-31.967616,76.546390,22.074203
m08_s02_e02_positions_inc.txt.gz,m08,s02,e02,1,-7.471752,2.110000,1142.691757,7313.680924,286.915634,211,2288.251766,26869.959095,630.302058,67.765121,289.329307,26.597442,8621.748580,-2.683015,4565.590861,186.397456,2.811459,1.647789,-1.852989
m08_s02_e03_positions_inc.txt.gz,m08,s02,e03,1,-7.845992,2.330000,1008.254705,6842.779414,255.524695,233,1813.846107,24288.895202,554.316362,79.029591,282.739799,27.738721,7878.788393,-3.202003,3905.339478,182.813313,-3.933167,2.168368,-1.773539
m08_s02_e04_positions_inc.txt.gz,m08,s02,e04,1,-7.710021,2.340000,915.899663,5971.919098,241.864772,234,1894.053811,29965.101933,560.408291,108.179989,261.042725,28.419770,7394.188624,-3.061524,4360.069690,176.492597,-0.781163,-4.533774,3.046244
m08_s02_e05_positions_inc.txt.gz,m08,s02,e05,1,-7.623725,2.140000,1168.388126,8009.680370,308.945096,214,2522.590927,38946.746518,721.831843,102.794618,318.064496,39.540277,10430.044413,-2.646927,6680.632218,197.635437,8.848674,12.188342,7.205145
m08_s02_e06_positions_inc.txt.gz,m08,s02,e06,1,-7.583138,2.150000,1444.847438,9471.278198,358.579691,215,2654.272627,36044.620225,795.773423,149.171302,344.414462,50.100972,11188.946436,-2.745531,5957.131159,234.545391,-3.873696,-1.364940,1.487057
m08_s02_e07_positions_inc.txt.gz,m08,s02,e07,1,-7.651201,2.050000,1530.959183,10228.614475,376.383919,205,3223.084849,50628.833878,846.705781,82.734227,371.672018,40.288467,13229.365038,-2.770390,8389.966939,242.588032,10.731529,7.465221,4.034169
m08_s02_e08_positions_inc.txt.gz,m08,s02,e08,1,-7.427728,2.130000,1113.076098,6930.830528,302.823368,213,2210.980458,29378.369772,648.343247,120.834711,306.839009,48.158985,8553.545638,-2.408855,5012.657098,169.848688,-21.584791,-12.176072,-7.200464
m08_s02_e09_positions_inc.txt.gz,m08,s02,e09,1,-7.389965,2.210000,1311.360751,7706.290359,315.907771,221,2790.198012,23770.345894,744.633620,98.370593,328.475447,33.730437,9121.467653,-2.572226,4879.985763,222.493114,2.295852,-5.025035,-9.316795
m08_s02_e10_positions_inc.txt.gz,m08,s02,e10,1,-7.731903,2.000000,1181.470582,8771.968439,327.538267,200,2053.782668,46267.460497,655.689435,103.401862,304.608556,39.697571,11069.159762,-3.012307,6751.212302,218.141320,3.261811,-5.507344,10.396835
m08_s03_e01_positions_inc.txt.gz,m08,s03,e01,1,-8.935423,2.440000,1178.723921,12154.400526,269.362811,244,2821.963826,41819.582050,631.268845,80.890501,315.222758,35.499489,14435.509055,-3.578099,7788.097941,196.476866,2.783052,9.788091,-0.732624
m08_s03_e02_positions_inc.txt.gz,m08,s03,e02,1,-8.476970,2.570000,1236.489107,10399.211903,342.152497,257,3440.474774,55731.271028,781.301200,67.487850,420.858113,92.177551,13142.243740,-2.866260,8035.854796,246.061568,-2.633634,5.711010,-1.381772
m08_s03_e03_positions_inc.txt.gz,m08,s03,e03,1,-8.707369,2.730000,1536.945165,13244.624235,419.844141,273,3295.695112,48064.591992,877.648410,231.815886,470.719984,192.016879,15130.659113,-3.158500,7315.515981,271.999730,16.720927,12.235067,9.651011
m08_s03_e04_positions_inc.txt.gz,m08,s03,e04,1,-9.420847,2.990000,1176.631491,11573.619078,302.329011,299,3570.791517,38160.687879,636.879641,128.206139,438.361296,50.612320,13685.524898,-3.588784,7303.761576,210.162501,-9.070290,-19.673627,-7.610430
m08_s03_e05_positions_inc.txt.gz,m08,s03,e05,1,-8.849791,2.780000,1115.832452,10373.758692,289.192272,278,3022.092033,36724.655455,698.953034,79.625661,382.688051,94.127029,12591.822112,-3.300677,7137.164332,221.084696,-4.873476,-9.437461,0.747511
m08_s03_e06_positions_inc.txt.gz,m08,s03,e06,1,-9.126327,2.640000,1743.581155,17418.444693,353.363230,264,3724.611851,43592.138870,870.167993,373.926695,251.715090,59.103680,19451.538870,-3.046034,8657.952927,235.565658,11.084202,17.238851,2.106216
m08_s03_e07_positions_inc.txt.gz,m08,s03,e07,1,-8.102131,2.410000,1292.903163,10220.583019,306.960117,241,2745.722022,38804.015192,783.762918,189.667244,309.472850,29.280491,12036.893919,-3.290522,6358.183544,236.953238,-1.261400,14.413925,2.496256
m08_s03_e08_positions_inc.txt.gz,m08,s03,e08,1,-8.577920,2.650000,1297.374593,9803.935659,321.377623,265,2567.280717,29366.218515,681.049173,152.266144,372.531103,46.886143,11507.507768,-2.788107,6025.411241,197.711616,-3.148062,-14.689572,-4.188713
m08_s03_e09_positions_inc.txt.gz,m08,s03,e09,1,-8.106350,2.570000,1306.613101,10370.496611,341.019389,257,3456.706372,32567.133606,958.473075,193.189459,384.431159,94.944514,13395.280942,-2.948094,8478.581930,259.775658,9.699576,7.398032,4.513477
m08_s03_e10_positions_inc.txt.gz,m08,s03,e10,1,-8.726243,2.700000,1054.531928,9257.045122,246.867891,270,2181.286646,32015.525580,622.778010,90.987631,321.453053,21.908825,11019.637750,-3.277327,5978.254908,181.225363,-32.087177,-5.364161,-2.643966
m08_s04_e01_positions_inc.txt.gz,m08,s04,e01,1,-7.148221,1.630000,2157.708419,14404.821686,576.464721,163,4033.584243,40983.175659,954.951012,227.749937,433.586886,143.992777,16365.005574,-2.507469,7766.242309,253.427391,35.278040,61.827875,9.194753
m08_s04_e02_positions_inc.txt.gz,m08,s04,e02,1,-7.739587,1.590000,2210.849748,18250.325405,447.299591,159,4075.203681,44821.283386,820.716809,132.282731,298.835753,141.440516,19621.287683,-2.586389,7205.591782,262.911375,-2.629776,-6.425203,2.579806
m08_s04_e03_positions_inc.txt.gz,m08,s04,e03,1,-8.364152,2.340000,2318.325858,18323.679234,626.026371,234,5087.817221,37759.617702,1100.899043,184.293057,531.909196,405.503987,20145.419712,-2.505026,8371.422502,320.228597,5.397078,-7.333238,5.580731
m08_s04_e04_positions_inc.txt.gz,m08,s04,e04,1,-7.877632,2.250000,2277.157072,16520.533795,509.153867,225,5653.731082,55888.486842,1304.145541,224.398373,435.079280,267.263378,19845.328533,-2.244010,10995.864119,375.032049,-3.330657,-9.822696,-3.378281
m08_s04_e05_positions_inc.txt.gz,m08,s04,e05,1,-8.536036,2.330000,2342.605543,19811.514522,512.644202,233,5922.204425,48014.873074,1177.922731,411.550162,371.658874,140.863151,23640.664398,-2.629733,12899.027310,379.003130,4.349365,6.819553,-1.163708
m08_s04_e06_positions_inc.txt.gz,m08,s04,e06,1,-7.574716,1.690000,1777.190051,12695.665410,345.359899,169,3620.577934,37969.065909,773.616569,112.042798,268.557838,24.680747,15542.628680,-2.526909,8966.235893,226.247880,-7.905977,-3.071374,2.138412
m08_s04_e07_positions_inc.txt.gz,m08,s04,e07,1,-8.252115,2.500000,2731.695939,17145.609772,703.608775,250,4759.476614,38855.861350,1199.218153,263.918860,516.817025,541.071030,18789.372863,-2.551739,7685.609810,372.546815,4.898819,23.213252,-2.265231
m08_s04_e08_positions_inc.txt.gz,m08,s04,e08,1,-8.921391,2.630000,2078.071285,18741.676882,565.735134,263,3887.660828,43084.800403,1003.030051,174.612292,389.583950,509.275406,20353.348553,-2.626874,7937.779601,269.607031,-3.015183,3.388834,3.566593
m08_s04_e09_positions_inc.txt.gz,m08,s04,e09,1,-8.519249,2.270000,3368.768950,25540.883155,689.870937,227,5482.170721,79873.332527,1421.751110,366.430190,443.086096,408.385575,29424.974765,-2.993633,14611.380071,460.868381,-13.283579,-24.528305,-7.364392
m08_s04_e10_positions_inc.txt.gz,m08,s04,e10,1,-8.783850,2.110000,4716.707715,46007.786857,911.143686,211,12734.591422,154419.984630,2393.892758,300.689969,416.375226,653.374997,63105.863109,-2.296707,43192.979837,604.460449,19.830401,-3.536717,-3.707622
m08_s05_e01_positions_inc.txt.gz,m08,s05,e01,1,-7.892330,2.100000,2151.401768,16606.164480,642.158203,210,6413.350072,52859.071211,1230.993526,252.193907,439.060537,429.449252,20927.849903,-2.782681,12736.176930,291.193613,22.142413,60.700622,5.678739
m08_s05_e02_positions_inc.txt.gz,m08,s05,e02,1,-8.414041,2.140000,2330.286519,17374.531518,552.966991,214,3959.734482,71727.104364,979.605104,190.608202,383.794242,336.986503,21014.363898,-2.926335,11820.708294,291.061179,10.590681,1.381943,2.670139
m08_s05_e03_positions_inc.txt.gz,m08,s05,e03,1,-8.205471,2.650000,1635.426685,12283.290903,488.455682,265,4255.110210,65432.078475,1092.053746,423.133732,394.194985,207.995789,15316.886762,-2.737965,9150.288775,277.230150,4.692684,-5.435057,-10.653361
m08_s05_e04_positions_inc.txt.gz,m08,s05,e04,1,-7.833405,2.480000,1743.178963,11328.904880,529.399453,248,4544.617098,39437.754754,1060.947566,137.484991,462.426186,358.098425,13646.417297,-2.398882,7607.931339,247.519552,-3.571690,0.714617,-2.377565
m08_s05_e05_positions_inc.txt.gz,m08,s05,e05,1,-7.826150,2.460000,1971.928544,11868.941019,552.154547,246,4097.504509,39570.260543,1062.777767,233.174081,382.442714,445.852649,13786.898738,-2.597221,7014.757010,295.792293,-7.575699,-8.185437,6.121801
m08_s05_e06_positions_inc.txt.gz,m08,s05,e06,1,-8.083550,2.390000,2112.913403,12739.910897,580.732492,239,3214.783145,43108.074581,934.771564,359.437072,387.865702,349.447046,14402.211201,-2.697029,6717.020010,277.987148,-1.337103,13.412521,8.486091
m08_s05_e07_positions_inc.txt.gz,m08,s05,e07,1,-8.172464,1.970000,1874.298116,14221.955645,421.405236,197,2988.827103,51656.199722,754.151080,66.806510,297.637948,273.202405,16232.558381,-2.881917,7825.083335,217.932729,-3.948608,-35.525796,5.240385
m08_s05_e08_positions_inc.txt.gz,m08,s05,e08,1,-8.467818,2.500000,1464.461802,10289.244954,446.361911,250,2985.117468,54799.120314,746.741336,200.843223,347.356275,316.150510,13032.371586,-2.836117,7998.384052,193.317220,-1.193932,8.646765,-10.633611
m08_s05_e09_positions_inc.txt.gz,m08,s05,e09,1,-7.944825,2.490000,1568.515036,10106.826504,447.635330,249,2879.977977,48266.789358,896.341916,379.339283,293.301668,198.350479,12116.340691,-2.815762,6682.646911,253.065240,0.989891,1.715626,-0.405154
m08_s05_e10_positions_inc.txt.gz,m08,s05,e10,1,-8.416429,2.350000,1465.582824,11009.333070,378.405494,235,2881.524724,53052.192195,692.898679,172.006320,280.534346,273.793443,12932.195151,-2.962958,6785.002342,208.768214,6.401077,-4.801580,-9.781543
m08_s06_e01_positions_inc.txt.gz,m08,s06,e01,1,-8.535344,1.880000,2280.912312,22193.953010,364.394152,188,5207.420640,77078.997389,934.537978,244.504729,231.049514,52.523862,25869.418887,-3.411600,13291.173136,293.016924,24.753055,-0.579233,11.695580
m08_s06_e02_positions_inc.txt.gz,m08,s06,e02,1,-8.522629,2.060000,1446.497374,14435.602454,277.871011,206,3597.809128,53320.764291,704.995923,201.054064,201.818902,65.138578,16906.399438,-3.511210,8799.984304,216.553586,-10.758234,14.230799,-7.270176
m08_s06_e03_positions_inc.txt.gz,m08,s06,e03,1,-9.119868,2.260000,1662.019989,18217.700922,262.031481,226,4979.411865,86383.017125,786.810926,201.057581,185.402757,57.959708,22134.104800,-3.710939,12571.156210,230.397552,2.589920,-7.748742,1.859211
m08_s06_e04_positions_inc.txt.gz,m08,s06,e04,1,-8.498204,2.060000,1579.168063,15020.282629,338.144582,206,3887.527523,64977.623999,751.561606,271.228223,195.932881,75.415743,17804.313633,-3.057131,9559.534177,230.113809,8.557492,12.320395,8.348863
m08_s06_e05_positions_inc.txt.gz,m08,s06,e05,1,-8.436146,2.370000,1592.342852,13172.163764,424.590439,237,4324.863615,65501.615911,891.580664,349.194887,306.063821,103.499529,16592.961101,-2.728639,10090.612463,238.752280,1.916082,-6.033487,-1.180700
m08_s06_e06_positions_inc.txt.gz,m08,s06,e06,1,-8.317525,2.260000,1326.350302,11873.942712,350.548206,226,3228.288515,44704.489326,766.849642,285.900593,273.116977,77.277657,14443.593461,-2.914106,8223.556198,207.601341,-26.544109,-7.726068,-15.847471
m08_s06_e07_positions_inc.txt.gz,m08,s06,e07,1,-8.371753,2.050000,1450.914746,11931.660694,322.041571,205,2651.050057,48144.263903,629.256806,215.846212,229.088163,63.899329,14096.142525,-3.198883,7505.778251,207.158275,-8.531396,-0.358308,-8.546451
m08_s06_e08_positions_inc.txt.gz,m08,s06,e08,1,-8.093077,2.200000,1225.875669,10295.230911,346.850447,220,2781.732238,46499.003886,724.594439,227.438757,258.265607,173.041658,12701.360852,-2.780242,7438.601212,197.760095,10.933509,6.966736,17.791367
m08_s06_e09_positions_inc.txt.gz,m08,s06,e09,1,-8.254564,2.040000,1575.701394,11256.222312,410.052990,204,3456.814162,62461.540112,698.417665,213.767429,318.791713,141.403215,14863.661956,-2.905312,9707.002937,222.127451,-9.973313,8.400313,-3.024304
m08_s06_e10_positions_inc.txt.gz,m08,s06,e10,1,-8.076910,2.030000,2114.485668,16831.266435,450.062657,203,3817.174668,61241.917125,969.557476,132.033958,384.016786,158.738323,19019.898878,-2.931272,8858.048516,296.785773,2.384407,-11.425178,-5.139085
m08_s07_e01_positions_inc.txt.gz,m08,s07,e01,1,-8.463003,1.270000,430.788265,4994.191781,52.543245,127,1029.664779,20375.380627,134.692774,31.876499,16.882298,5.645205,6476.740745,-2.416321,4123.859738,33.537829,21.454468,-4.103665,1.379553
m08_s07_e02_positions_inc.txt.gz,m08,s07,e02,1,-9.687068,1.830000,330.912059,3911.564576,45.697226,183,894.144413,20987.161485,106.686940,27.117351,33.022452,9.913670,5469.588034,-3.777615,3823.095059,29.367908,8.881739,-7.094625,-0.283424
m08_s07_e03_positions_inc.txt.gz,m08,s07,e03,1,-7.922387,2.160000,635.405999,5234.812968,136.756384,216,1928.985235,17867.707515,396.837186,95.164445,102.415365,69.950980,6565.325606,-2.090310,3962.352017,96.702653,14.060842,-14.469019,-2.018410
m08_s07_e04_positions_inc.txt.gz,m08,s07,e04,1,-8.283068,2.380000,450.366860,3727.488428,114.987613,238,1357.396281,16463.099095,291.081945,68.787038,84.330090,95.723571,4986.493480,-2.619444,3312.242027,62.442631,-19.490400,11.645585,4.547909
m08_s07_e05_positions_inc.txt.gz,m08,s07,e05,1,-9.658823,2.110000,395.238140,3773.339837,57.814201,211,647.164527,13017.726355,101.465912,54.871402,28.948501,21.940616,4142.697788,-3.437123,1709.927319,25.453478,19.126105,1.496944,2.858756
m08_s07_e06_positions_inc.txt.gz,m08,s07,e06,1,-8.956277,2.130000,459.045005,4298.328310,78.588906,213,1257.063107,12856.537657,191.357351,50.002340,37.825626,31.117710,5421.338778,-3.478198,3303.829275,45.003134,-8.869915,1.910405,-5.143708
m08_s07_e07_positions_inc.txt.gz,m08,s07,e07,1,-8.919095,2.010000,538.472713,5514.661642,92.545680,201,1299.253741,19408.436206,210.417030,52.759179,40.311420,50.207511,6383.275804,-2.873517,3214.765459,50.608687,-7.519695,-4.309831,4.144649
m08_s07_e08_positions_inc.txt.gz,m08,s07,e08,1,-8.898619,2.120000,419.337388,4067.828927,81.088048,212,965.410414,18828.469233,183.923633,48.361773,43.855904,47.927657,5098.521948,-2.209091,3073.710115,47.427677,19.184653,-8.036166,-0.264469
m08_s07_e09_positions_inc.txt.gz,m08,s07,e09,1,-8.271787,2.090000,662.356000,5587.379655,175.999077,209,1759.099157,28275.939752,334.521782,79.290595,81.082790,139.383387,6924.696032,-2.522023,4090.550540,66.631290,-2.551694,3.313742,-8.074674
m08_s07_e10_positions_inc.txt.gz,m08,s07,e10,1,-8.110049,2.340000,762.305916,6496.615327,213.651178,234,2087.103339,22961.743301,507.818982,203.579546,52.950836,213.789683,8183.890790,-2.577127,4976.952657,137.312452,81.288515,-12.912249,18.863508
m08_s08_e01_positions_inc.txt.gz,m08,s08,e01,1,-8.584685,2.310000,1044.661004,8882.746235,238.255837,231,2617.714709,52777.759270,596.420815,84.658849,269.994942,78.872660,12424.404085,-4.117054,8686.923286,177.795863,-7.281420,-35.155381,24.465805
m08_s08_e02_positions_inc.txt.gz,m08,s08,e02,1,-5.928656,0.790000,1869.778869,15648.611481,408.178479,79,2684.176118,53537.644460,681.490031,79.700203,275.937530,81.103796,18810.925538,-1.911339,10438.959638,199.117609,86.106119,341.845200,-96.458387
m08_s08_e03_positions_inc.txt.gz,m08,s08,e03,1,-8.379557,1.950000,1396.683431,11682.569390,290.671717,195,2725.276745,48714.112529,552.510213,79.158204,220.246620,160.350951,13393.251673,-2.641174,6549.562034,167.435848,-16.839243,-12.307659,12.023897
m08_s08_e04_positions_inc.txt.gz,m08,s08,e04,1,-7.649718,1.720000,1486.048159,12622.374074,425.384927,172,3172.716240,51140.706117,740.100766,140.664626,289.959649,206.494803,15035.342933,-2.492514,8169.284536,190.003107,31.813824,-23.608640,9.771125
m08_s08_e05_positions_inc.txt.gz,m08,s08,e05,1,-7.868685,1.820000,2494.112700,21189.670419,516.253025,182,5602.710330,79857.347069,1264.046285,128.234564,384.860727,282.819502,26322.015036,-2.712453,15615.580139,332.522209,40.091500,-55.440973,16.527276
m08_s08_e06_positions_inc.txt.gz,m08,s08,e06,1,-7.813793,1.830000,1925.608613,15731.390239,403.272194,183,4886.502901,80262.899799,1006.967742,134.128577,198.319864,161.603316,20234.039645,-3.063779,12725.553878,219.432193,-53.895901,73.784991,-24.193973
m08_s08_e07_positions_inc.txt.gz,m08,s08,e07,1,-7.854497,1.720000,1282.730611,11119.024206,283.304990,172,2829.530483,48650.246143,601.360042,29.631683,199.824660,128.399589,13533.937792,-2.311929,7715.877970,171.116741,-12.983958,1.338796,7.220104
m08_s08_e08_positions_inc.txt.gz,m08,s08,e08,1,-8.064212,1.770000,3221.290804,25118.772240,665.297095,177,6393.064026,104037.702705,1268.295822,148.648415,319.428773,413.495885,30365.610562,-2.301061,17062.168268,363.372589,18.364643,8.071910,2.241792
m08_s08_e09_positions_inc.txt.gz,m08,s08,e09,1,-8.042813,1.750000,1959.539599,15848.690997,419.774676,175,3353.192859,71345.026965,828.273187,161.750190,281.106053,150.926369,19956.809839,-2.521408,12128.200717,222.047361,-13.750913,-4.358837,3.159456
m08_s08_e10_positions_inc.txt.gz,m08,s08,e10,1,-5.284072,0.510000,1048.690435,13375.018054,180.111096,51,1479.852844,33036.750000,393.091364,65.710503,12.844184,47.710646,15155.141108,-1.600558,7126.513456,118.234375,131.550911,-4.586703,94.792224
m08_s09_e01_positions_inc.txt.gz,m08,s09,e01,1,-6.638075,1.050000,3682.444401,26767.965289,713.504541,105,6332.926405,116922.684395,1267.329138,103.681994,528.972785,276.134420,32549.563023,-1.811184,18518.911611,368.886880,65.661472,454.677031,-172.423044
m08_s09_e02_positions_inc.txt.gz,m08,s09,e02,1,-7.995036,1.880000,2729.488144,19993.881647,583.943894,188,4141.343477,62453.984879,1078.923472,65.064382,459.811768,207.431271,22795.743934,-2.647932,10949.458350,324.148737,-5.769756,-2.317100,-5.880286
m08_s09_e03_positions_inc.txt.gz,m08,s09,e03,1,-8.025409,1.880000,2285.676495,18652.134663,541.152310,188,4338.708288,63900.909494,993.277237,89.313329,427.872079,223.749120,21307.339642,-2.563658,10300.514314,288.614910,8.125578,6.519890,7.597523
m08_s09_e04_positions_inc.txt.gz,m08,s09,e04,1,-8.300133,2.010000,3873.106025,27877.615205,798.463636,201,5464.494002,79905.316639,1381.678472,57.065742,485.303930,491.403376,30758.404595,-2.586230,12996.846683,401.317601,-4.582926,-0.286045,-7.115615
m08_s09_e05_positions_inc.txt.gz,m08,s09,e05,1,-8.087342,1.900000,3471.271412,25955.675280,736.789505,190,5637.836734,62466.475645,1302.607151,65.366781,439.875275,441.845104,28367.896355,-2.520629,11447.290699,357.802171,-3.863571,-30.865017,-7.087530
m08_s09_e06_positions_inc.txt.gz,m08,s09,e06,1,-8.493573,1.890000,3690.176452,30998.822784,671.340642,189,6046.390526,89958.586099,1299.786539,65.898579,424.372068,370.932170,34957.081386,-2.558825,16157.676970,427.303617,20.784096,7.112355,14.403261
m08_s09_e07_positions_inc.txt.gz,m08,s09,e07,1,-7.656129,1.660000,2266.810612,17395.217989,456.724527,166,3361.806850,57091.971261,912.221454,192.000663,334.717267,49.909460,19608.551541,-2.659356,9049.954954,264.816249,6.805558,27.307598,5.382870
m08_s09_e08_positions_inc.txt.gz,m08,s09,e08,1,-8.389769,2.000000,1611.271597,14025.763748,404.810783,200,3290.093377,53029.790718,688.531728,174.374469,351.107623,55.098917,16150.801543,-2.715302,8007.892468,218.454671,-4.610284,-5.726531,-7.854008
m08_s09_e09_positions_inc.txt.gz,m08,s09,e09,1,-8.149479,1.980000,1638.485635,12997.317296,451.768758,198,3775.767662,53521.035650,722.967674,300.390016,335.605872,62.039116,15267.147259,-2.549566,8009.714634,203.397354,-4.061729,-33.892149,-4.411802
m08_s09_e10_positions_inc.txt.gz,m08,s09,e10,1,-7.957571,1.710000,2485.025438,20033.167898,523.847263,171,4242.388944,61481.955291,924.462954,343.079802,271.930935,58.450005,22098.356804,-2.638535,9327.891369,284.180362,14.937912,15.836342,5.817091
m08_s10_e01_positions_inc.txt.gz,m08,s10,e01,1,-9.440825,1.630000,250.731897,2562.810755,29.728231,163,543.277572,9782.905767,55.108710,12.503886,11.516203,7.442227,2971.583184,-2.441092,1504.096956,13.431483,3.694901,-6.276986,3.174925
m08_s10_e02_positions_inc.txt.gz,m08,s10,e02,1,-8.939854,1.840000,209.193306,1914.161900,30.406832,184,427.799094,9215.457881,64.734533,19.660894,10.668977,9.733964,2265.551837,-3.455743,1211.903192,12.680607,3.779048,5.099375,-3.283945
m08_s10_e03_positions_inc.txt.gz,m08,s10,e03,1,-8.389140,2.000000,136.152649,1379.177421,23.075031,200,354.961358,4064.842383,67.103986,17.385397,7.958188,4.622665,1573.554709,-3.709369,757.590960,15.071595,-0.585596,-3.029861,2.146443
m08_s10_e04_positions_inc.txt.gz,m08,s10,e04,1,-7.974540,1.980000,621.995193,4598.643116,128.446951,198,1241.630496,17385.732961,277.056886,44.433027,77.822888,77.889545,5360.688186,-2.494597,2754.897334,82.115165,-10.482163,0.472591,10.722873
m08_s10_e05_positions_inc.txt.gz,m08,s10,e05,1,-8.219564,2.080000,1172.673483,8128.605539,218.110615,208,2460.878799,31804.568845,479.613495,51.346293,117.710030,139.932103,9742.088590,-2.611394,5369.735756,125.337262,-9.687204,8.426661,2.835458
m08_s10_e06_positions_inc.txt.gz,m08,s10,e06,1,-8.650185,2.120000,1058.661547,8431.954495,198.619855,212,2231.603615,30710.434278,396.193281,62.248852,105.521614,133.988866,9699.898720,-2.651188,4794.807461,89.340096,12.720497,-21.535169,5.985647
m08_s10_e07_positions_inc.txt.gz,m08,s10,e07,1,-8.894778,1.950000,763.486445,6315.307541,117.073131,195,1647.812470,24739.686634,234.479530,71.601350,43.457015,28.155319,7354.099297,-2.888057,3768.244569,62.874820,-0.185748,22.513018,-11.653191
m08_s10_e08_positions_inc.txt.gz,m08,s10,e08,1,-8.374533,2.090000,1071.217506,8743.577135,214.663087,209,2249.209344,39183.170242,468.017069,101.662470,135.947984,137.993456,10198.796928,-2.671699,5250.268341,139.811494,16.493875,-14.062656,-1.502865
m08_s10_e09_positions_inc.txt.gz,m08,s10,e09,1,-9.112158,2.100000,704.657388,6554.914216,134.698711,210,1352.583494,23573.028581,238.312216,96.043455,86.989257,40.648521,7455.853738,-3.385515,3552.865685,50.965405,-46.225495,33.856206,-2.675117
m08_s10_e10_positions_inc.txt.gz,m08,s10,e10,1,-8.032971,2.080000,1345.440813,9643.918741,328.740218,208,2397.551900,39600.897760,610.620960,282.634397,107.168414,94.170615,11298.328403,-3.041279,5886.174990,164.380497,-6.830792,3.528951,4.616515
m09_s01_e01_positions_inc.txt.gz,m09,s01,e01,1,-9.413843,2.250000,802.678391,9353.524378,193.368274,225,2138.895712,24694.301470,329.393348,205.474061,66.945545,60.721648,10805.156573,-2.675401,5409.527732,94.962759,-20.092275,-25.879439,-9.608602
m09_s01_e02_positions_inc.txt.gz,m09,s01,e02,1,-9.473259,2.810000,886.384208,9298.364640,188.927345,281,2359.025474,23642.190841,455.914433,220.615981,62.196279,75.705365,11038.647580,-2.865593,5949.130643,141.021523,3.319950,-0.293731,0.100736
m09_s01_e03_positions_inc.txt.gz,m09,s01,e03,1,-8.791488,2.190000,1102.343319,10922.105160,255.175475,219,2918.162603,31233.457036,520.064211,248.150820,63.082855,74.317365,13014.820164,-2.796913,7077.652348,140.727118,-10.698226,-1.164341,-6.286044
m09_s01_e04_positions_inc.txt.gz,m09,s01,e04,1,-9.611460,3.170000,1255.070113,12119.802686,303.238253,317,3672.626403,47201.591154,694.385766,279.950521,145.501611,291.063179,15035.364871,-2.332145,8897.897485,199.061951,-3.975483,22.378627,-78.217418
m09_s01_e05_positions_inc.txt.gz,m09,s01,e05,1,-9.536138,2.180000,2299.559459,26110.465937,369.030254,218,5539.458034,76699.211061,874.368514,297.248724,100.951428,123.634307,31970.972395,-3.078572,18449.570305,249.889655,7.154941,0.189760,5.748164
m09_s01_e06_positions_inc.txt.gz,m09,s01,e06,1,-10.113818,2.720000,1856.643873,21521.029097,298.641246,272,4573.241320,61135.109070,727.600961,277.656274,117.326716,142.370411,25481.649432,-2.936359,13644.037687,205.113297,11.238367,1.355559,11.847229
m09_s01_e07_positions_inc.txt.gz,m09,s01,e07,1,-9.650090,2.690000,639.902525,8265.725429,216.565102,269,1961.990827,25429.764179,336.988794,254.345773,44.891981,242.340829,9516.504695,-2.861105,4716.104829,79.675197,-73.973994,-8.141501,19.953450
m09_s01_e08_positions_inc.txt.gz,m09,s01,e08,1,-8.967293,2.450000,2062.199614,18377.123126,454.764322,245,5148.824273,53363.505287,973.750888,415.860806,23.061536,213.869759,22486.494599,-2.905967,12958.541003,229.593049,6.676999,-0.191809,-11.634190
m09_s01_e09_positions_inc.txt.gz,m09,s01,e09,1,-9.308663,2.810000,1899.012632,18131.086235,429.831073,281,6470.484773,72692.787826,1087.495574,445.151453,16.275541,222.886801,24250.381689,-3.225612,16104.183433,262.324518,1.192555,-5.476221,0.573850
m09_s01_e10_positions_inc.txt.gz,m09,s01,e10,1,-9.274033,2.700000,2368.538422,22611.667113,503.021179,270,6168.926364,78419.135926,1225.765928,482.824460,51.057281,227.880774,28522.820555,-2.940827,17385.735613,290.746442,-3.025817,-3.991935,-11.157551
m09_s02_e01_positions_inc.txt.gz,m09,s02,e01,1,-7.173535,1.480000,1023.175874,7168.142542,231.103810,148,1561.803862,23864.233977,400.466716,173.076052,38.314300,98.255321,8033.175899,-2.455643,3626.244271,126.656903,-59.988959,12.390190,3.154636
m09_s02_e02_positions_inc.txt.gz,m09,s02,e02,1,-8.545679,2.380000,843.437565,6533.161073,218.354892,238,2000.973244,16938.575974,374.293299,197.517607,39.516922,131.069880,7311.680126,-2.511729,3283.058430,113.234657,5.677067,1.316288,-4.452776
m09_s02_e03_positions_inc.txt.gz,m09,s02,e03,1,-8.467726,2.620000,795.741855,6374.047463,195.785661,262,1385.102210,13535.503712,422.372159,196.311293,43.673428,121.011810,6870.472370,-2.780746,2564.158640,123.509453,-1.490621,-5.468950,-1.244174
m09_s02_e04_positions_inc.txt.gz,m09,s02,e04,1,-7.983122,2.690000,717.810352,4750.534258,193.124277,269,1559.465471,9842.165021,422.641168,163.458374,70.137591,179.884857,5186.284140,-2.449425,2080.857382,131.592803,-10.848027,4.659789,4.315558
m09_s02_e05_positions_inc.txt.gz,m09,s02,e05,1,-8.318676,2.350000,823.530263,5539.250794,223.058832,235,1824.225567,15512.849926,354.171373,165.330301,69.892995,178.836541,6294.904547,-2.540118,2990.405306,109.402104,18.526523,-2.004030,1.255869
m09_s02_e06_positions_inc.txt.gz,m09,s02,e06,1,-7.886317,2.510000,675.106087,4137.652097,196.885095,251,1368.557627,14242.017061,369.957873,152.078974,72.979113,177.376110,4798.811858,-2.603239,2430.726306,111.986101,9.720048,4.825857,-2.328770
m09_s02_e07_positions_inc.txt.gz,m09,s02,e07,1,-8.892085,3.850000,563.310846,4010.168234,157.443415,385,1753.677025,10634.841084,419.533349,135.504486,56.211548,244.519430,4736.603511,-2.784349,2520.706956,139.317050,3.026905,-1.862070,-6.332868
m09_s02_e08_positions_inc.txt.gz,m09,s02,e08,1,-9.686705,3.060000,1457.389600,13599.660073,272.142615,306,3502.844585,57267.615512,705.313756,139.233602,87.277226,357.024547,16720.200612,-2.723794,9726.991024,195.177562,-22.513242,15.397549,10.370190
m09_s02_e09_positions_inc.txt.gz,m09,s02,e09,1,-8.119924,1.960000,1756.757970,13224.306232,403.998981,196,3212.121747,46368.467422,701.707439,174.762193,58.234134,317.789707,14824.878924,-2.739833,6700.355199,226.892085,0.442947,-3.220283,-2.610763
m09_s02_e10_positions_inc.txt.gz,m09,s02,e10,1,-8.111843,2.290000,1387.818972,9856.092279,352.986584,229,2359.893595,25666.979478,646.726108,195.116119,55.143793,330.004617,10775.354159,-2.798267,4354.962945,211.298034,-4.133220,10.019508,8.283082
m09_s03_e01_positions_inc.txt.gz,m09,s03,e01,1,-9.432716,3.180000,759.541519,6933.038378,174.082712,318,2240.884662,18646.704431,401.095690,197.295133,53.779341,161.669838,7904.885015,-3.436249,3797.391993,127.980460,-3.667361,5.162063,-4.539453
m09_s03_e02_positions_inc.txt.gz,m09,s03,e02,1,-9.458485,3.240000,1134.481754,9530.043735,275.414111,324,2694.729764,31484.158138,608.119609,231.242708,185.484689,282.794145,11804.711072,-3.307762,6966.309633,206.141067,-3.115751,-0.756155,-18.151486
m09_s03_e03_positions_inc.txt.gz,m09,s03,e03,1,-9.942518,4.230000,829.327314,7562.691747,197.255085,423,2888.581773,23570.276595,531.755445,270.839431,52.486893,208.689782,8814.377567,-4.018003,4527.576110,150.055391,4.889667,1.009756,6.003320
m09_s03_e04_positions_inc.txt.gz,m09,s03,e04,1,-8.528884,2.340000,978.305695,7762.578752,209.883710,234,1784.428320,21221.882120,438.939985,215.133458,31.376207,100.938519,8721.778467,-3.419861,3976.404247,153.515433,-13.683212,0.982536,-11.659061
m09_s03_e05_positions_inc.txt.gz,m09,s03,e05,1,-9.624775,4.000000,1052.975081,8492.230841,267.977332,400,2656.332826,43549.509248,703.526317,288.627527,160.393448,327.518030,10818.912720,-3.740047,6703.050633,210.203488,1.742870,1.935484,-4.758782
m09_s03_e06_positions_inc.txt.gz,m09,s03,e06,1,-9.166563,3.450000,1116.160621,8945.763102,303.485834,345,2718.226020,48698.519573,731.048431,286.255770,137.950450,327.501413,11161.214121,-3.131658,6674.280723,217.819380,4.528395,-1.477895,-1.471828
m09_s03_e07_positions_inc.txt.gz,m09,s03,e07,1,-9.520938,4.350000,837.524685,6873.610360,228.372180,435,1880.353325,32290.961002,629.728938,260.320180,50.020757,337.879445,8107.093375,-2.664454,4298.656024,182.549664,-1.538190,0.993882,3.493362
m09_s03_e08_positions_inc.txt.gz,m09,s03,e08,1,-9.350991,3.450000,1065.982737,8815.562069,259.313724,345,2421.522276,30483.144403,612.634679,235.867747,143.819402,273.629695,10256.868188,-3.614001,5243.015395,177.610293,4.673095,-4.422467,-1.153987
m09_s03_e09_positions_inc.txt.gz,m09,s03,e09,1,-8.800479,3.120000,795.607585,5922.190584,195.573239,312,1495.560168,21423.492222,478.645575,215.187555,32.390396,172.779149,7075.904017,-3.287610,3872.476771,160.993943,-0.966441,0.772839,-2.661108
m09_s03_e10_positions_inc.txt.gz,m09,s03,e10,1,-9.769640,3.550000,1029.895731,8465.587368,259.141401,355,4317.587101,57412.593948,624.119091,249.714784,99.936772,305.316639,12341.710231,-3.480437,8980.625921,199.470992,6.556235,-0.924576,-5.377713
m09_s04_e01_positions_inc.txt.gz,m09,s04,e01,1,-7.541597,1.510000,1281.297297,9632.096250,275.252241,151,2193.374496,39716.334550,479.130446,178.667609,26.333338,104.246567,11210.509711,-2.561722,5735.699592,135.400950,-15.619219,-0.642955,2.147747
m09_s04_e02_positions_inc.txt.gz,m09,s04,e02,1,-8.773594,2.580000,2093.531425,16499.111733,448.001422,258,4460.083298,38616.655398,1005.023248,217.852705,89.630425,514.565328,19494.328121,-2.418312,10383.069916,332.272571,-15.854286,2.633769,-25.107245
m09_s04_e03_positions_inc.txt.gz,m09,s04,e03,1,-8.777080,2.940000,3049.329193,21720.856710,689.911254,294,6463.796890,61640.654967,1681.751955,429.500804,176.260719,695.881173,26863.311753,-2.507931,15806.388016,489.042762,-13.448457,2.913305,23.972440
m09_s04_e04_positions_inc.txt.gz,m09,s04,e04,1,-8.324493,2.470000,1983.536745,14159.147846,469.496245,247,5035.881180,36003.541112,1010.374252,446.051331,151.170039,295.896348,16713.891440,-2.363971,8881.030308,342.946751,-6.434847,-13.842996,-14.500174
m09_s04_e05_positions_inc.txt.gz,m09,s04,e05,1,-9.171881,3.070000,2615.658298,21873.256508,547.735441,307,6304.348824,66563.477613,1482.196745,285.452033,180.381975,670.726658,27030.049484,-2.476049,15880.309343,463.624739,19.107076,4.598116,8.208590
m09_s04_e06_positions_inc.txt.gz,m09,s04,e06,1,-8.771958,2.560000,1720.455912,12352.011060,418.543412,256,2587.081098,31246.334293,690.329707,290.457187,88.510211,341.287304,13536.395863,-2.690434,5537.313043,200.393068,7.862102,-3.948122,-12.848380
m09_s04_e07_positions_inc.txt.gz,m09,s04,e07,1,-9.111604,2.860000,2620.274907,19564.331949,550.618366,286,5435.572781,57873.938838,1160.459424,391.556703,37.982234,520.687653,22837.083736,-2.902265,11780.038581,376.968172,-3.078859,7.713662,-12.253371
m09_s04_e08_positions_inc.txt.gz,m09,s04,e08,1,-8.203117,2.490000,1300.752225,8733.919680,284.698330,249,2759.767841,30911.115601,715.533169,288.946565,42.833486,135.863021,11005.630322,-2.395492,6696.457705,206.470313,5.183797,-4.619134,1.063273
m09_s04_e09_positions_inc.txt.gz,m09,s04,e09,1,-9.331592,2.970000,2705.355698,20635.647043,555.420461,297,4876.692423,44470.689261,1106.633548,314.344727,56.653556,468.876668,22971.984909,-3.022491,10093.669391,327.888550,-16.576511,-1.237405,-2.818231
m09_s04_e10_positions_inc.txt.gz,m09,s04,e10,1,-9.086993,2.910000,2595.335357,20997.079239,509.096393,291,5531.853277,54255.017922,1236.303213,335.352530,75.196619,480.473811,23415.362826,-2.899679,10363.487815,376.120734,13.035673,13.310362,4.503385
m09_s05_e01_positions_inc.txt.gz,m09,s05,e01,1,-9.931809,4.190000,2176.242186,15856.878829,548.719837,419,4246.741177,50798.155082,1127.130437,460.500007,217.588596,691.911686,18850.288968,-2.702173,10192.781169,245.263254,-14.305636,9.527759,24.990797
m09_s05_e02_positions_inc.txt.gz,m09,s05,e02,1,-9.369196,3.140000,2466.601479,16894.039723,565.807022,314,5034.470240,99290.926697,1044.795525,453.845680,173.102187,437.589620,20329.739392,-2.936702,11308.833963,240.086142,97.822630,-22.036080,-65.498439
m09_s05_e03_positions_inc.txt.gz,m09,s05,e03,1,-9.983231,3.570000,2107.518684,14767.467577,449.305989,357,3622.736436,47019.988692,767.006688,298.452709,248.342556,383.758888,16735.087596,-2.738849,7873.059011,166.757454,-45.885802,42.642398,48.672273
m09_s05_e04_positions_inc.txt.gz,m09,s05,e04,1,-8.998458,2.780000,2607.050090,20284.434309,600.564811,278,5861.112109,68110.057867,1203.929888,302.435251,176.219482,587.276031,23362.771413,-2.189039,11591.411169,283.735007,4.264778,-20.432045,59.680652
m09_s05_e05_positions_inc.txt.gz,m09,s05,e05,1,-9.207711,2.860000,1476.231177,10588.023192,374.376925,286,2830.370607,60519.168455,621.462201,295.511584,62.108616,360.115643,12832.012973,-2.949909,7249.435967,189.654436,24.219891,6.914060,27.980130
m09_s05_e06_positions_inc.txt.gz,m09,s05,e06,1,-9.186655,3.300000,1692.138016,11909.425127,460.772747,330,2797.226484,43840.440750,825.710378,267.382493,193.515081,539.970819,13611.740669,-2.420932,6591.287976,202.764570,-5.462547,-40.277547,-121.347447
m09_s05_e07_positions_inc.txt.gz,m09,s05,e07,1,-8.720029,2.140000,2213.516659,19266.314950,484.818144,214,4936.267570,93165.137052,982.183745,238.072158,216.889089,475.520790,24552.876948,-3.161430,15220.146998,241.373456,80.059843,77.729004,146.371395
m09_s05_e08_positions_inc.txt.gz,m09,s05,e08,1,-8.969693,2.130000,1245.949560,10090.649621,311.857747,213,3443.491915,76972.759904,489.854514,169.532991,57.431215,290.815385,13971.463527,-2.437487,9663.362940,124.611176,-49.438938,-14.619234,30.050847
m09_s05_e09_positions_inc.txt.gz,m09,s05,e09,1,-8.115048,2.330000,1433.339984,9367.422710,385.377089,233,3595.206864,42860.796796,718.307583,195.897727,39.345430,376.756144,11679.839554,-2.376234,6976.391888,179.797497,50.879773,12.385511,-3.443503
m09_s05_e10_positions_inc.txt.gz,m09,s05,e10,1,-8.830563,3.010000,1480.946098,9759.707263,413.839277,301,3228.433716,23529.524446,729.065344,276.215421,86.594815,493.308465,11546.468894,-2.290038,6170.012808,195.777373,-57.959330,-11.572028,-59.092428
m09_s06_e01_positions_inc.txt.gz,m09,s06,e01,1,-8.542609,1.770000,3272.114013,29132.981045,540.198929,177,6679.413856,66686.580239,1124.731097,294.980999,13.572981,329.206489,34205.246937,-2.346548,17923.959759,318.843800,-72.619003,2.188710,-60.939795
m09_s06_e02_positions_inc.txt.gz,m09,s06,e02,1,-8.915241,1.790000,3697.445779,32913.074491,578.460139,179,5766.650691,79585.528854,990.352417,353.925361,33.881117,242.757660,35680.439121,-2.660021,13777.636351,332.686510,5.933835,-1.251978,-38.860935
m09_s06_e03_positions_inc.txt.gz,m09,s06,e03,1,-9.204800,2.100000,3040.256303,26129.069545,552.344679,210,4633.789491,81703.070351,902.204365,376.547002,43.522515,267.842322,29564.655508,-2.858876,13832.591226,290.462264,1.096945,4.415977,-0.773844
m09_s06_e04_positions_inc.txt.gz,m09,s06,e04,1,-9.174926,2.000000,1975.083566,20175.264620,356.328507,200,4639.001550,78108.879827,695.922613,300.286873,53.735348,132.790505,24172.734155,-2.594706,13314.645096,204.322489,30.948975,-11.506262,16.186709
m09_s06_e05_positions_inc.txt.gz,m09,s06,e05,1,-8.828367,2.250000,1192.132996,10365.507541,244.778634,225,2963.718428,31740.855896,509.327914,228.708431,27.854187,138.077875,12467.496911,-2.182768,6927.823081,160.630339,26.647638,6.185196,53.175287
m09_s06_e06_positions_inc.txt.gz,m09,s06,e06,1,-7.992557,1.650000,1366.223407,12680.462949,253.974242,165,2876.654944,35103.176319,557.571409,200.468177,29.307172,105.022239,14309.892524,-2.687242,6631.657669,160.936499,-35.520056,-11.617579,7.735457
m09_s06_e07_positions_inc.txt.gz,m09,s06,e07,1,-8.576027,2.070000,1893.779239,16337.403832,351.265066,207,4893.365007,46496.504857,807.297234,208.435701,102.940599,328.118140,19739.604861,-2.284489,11078.864387,259.283341,19.399362,-24.730796,-90.479820
m09_s06_e08_positions_inc.txt.gz,m09,s06,e08,1,-8.803586,2.410000,1391.265645,11176.770842,260.888130,241,3004.938436,26311.895763,595.258468,188.622852,147.506839,182.538565,12982.383776,-2.706405,6604.701511,207.301799,-0.771482,-16.806812,-35.248928
m09_s06_e09_positions_inc.txt.gz,m09,s06,e09,1,-8.458478,2.030000,2240.461883,16505.898572,456.797874,203,3369.337034,44296.433105,779.205728,304.913226,229.625879,228.063252,18498.787358,-2.637899,8352.271909,239.392870,-45.946756,24.223096,11.138785
m09_s06_e10_positions_inc.txt.gz,m09,s06,e10,1,-8.841349,2.160000,2586.679838,21111.544262,513.005079,216,4153.490418,65749.570298,915.089017,356.658765,196.108310,212.451227,23969.400093,-2.651021,11350.543586,279.219942,-5.513773,4.209188,-16.707308
m09_s07_e01_positions_inc.txt.gz,m09,s07,e01,1,-6.447670,0.950000,250.800580,2499.760294,40.560792,95,356.388543,8890.338031,107.286832,21.404055,14.038593,2.532560,2911.084898,-2.725474,1491.849106,28.807916,22.112633,14.795845,0.077677
m09_s07_e02_positions_inc.txt.gz,m09,s07,e02,1,-8.293918,1.540000,418.083678,3936.059556,56.000161,154,796.149983,12350.120126,135.062153,28.456149,16.690803,10.137329,4469.449787,-4.151465,2117.407982,29.625396,4.118211,-6.195292,1.978472
m09_s07_e03_positions_inc.txt.gz,m09,s07,e03,1,-7.703601,1.410000,323.189869,3069.048043,44.488103,141,756.932356,6372.274333,121.742183,24.259442,4.181405,10.789065,3423.166405,-2.924351,1516.249434,33.457265,2.434678,2.256872,-1.059807
m09_s07_e04_positions_inc.txt.gz,m09,s07,e04,1,-9.181333,1.990000,236.658510,2643.110349,52.983811,199,425.740136,9490.447224,88.349905,38.074133,17.989463,41.353438,3101.898572,-3.018958,1623.496977,18.892421,5.045003,-3.881118,14.664951
m09_s07_e05_positions_inc.txt.gz,m09,s07,e05,1,-8.013015,1.740000,576.215860,4735.824699,117.863573,174,1283.265699,10719.200847,222.002432,60.001036,41.966454,54.684671,5315.424122,-2.238574,2413.648279,46.566835,4.486744,-4.206072,1.270147
m09_s07_e06_positions_inc.txt.gz,m09,s07,e06,1,-7.998782,1.680000,653.048010,5233.280400,128.972748,168,1050.432696,11317.797715,221.709494,87.176328,37.221639,50.276005,5555.635476,-2.235165,1864.902622,54.550138,10.325669,14.397293,-11.293318
m09_s07_e07_positions_inc.txt.gz,m09,s07,e07,1,-8.016120,1.690000,650.505877,6205.969207,140.090528,169,1323.792406,10846.494003,263.412328,103.471909,30.818764,112.994858,6599.094195,-2.349033,2243.655587,70.254252,-12.683986,12.192449,-64.474334
m09_s07_e08_positions_inc.txt.gz,m09,s07,e08,1,-9.145329,2.280000,717.785726,6382.521690,140.152095,228,1500.440250,31004.765918,263.740309,125.464615,56.312199,118.439860,7415.785871,-3.251206,3775.883599,77.221549,21.362580,-6.930496,51.993886
m09_s07_e09_positions_inc.txt.gz,m09,s07,e09,1,-8.536866,2.310000,704.780132,6408.105324,197.405004,231,1955.497705,15517.438795,363.575991,189.082068,37.970911,112.210156,7394.931111,-2.912500,3690.689948,92.350280,-1.100874,-8.043226,-0.505310
m09_s07_e10_positions_inc.txt.gz,m09,s07,e10,1,-8.754576,1.790000,518.281565,4630.438490,81.523452,179,1236.545730,14809.284006,156.533659,59.984420,24.753121,25.290745,5204.273698,-2.981476,2375.606051,34.998841,-21.919830,-4.964371,1.945556
m09_s08_e01_positions_inc.txt.gz,m09,s08,e01,1,-7.619438,1.180000,4444.022258,43176.620192,774.776414,118,11249.402009,108461.556756,1449.515871,280.663309,71.068627,404.000384,51043.434557,-2.277902,27225.203033,390.588761,-135.827343,29.980021,60.631450
m09_s08_e02_positions_inc.txt.gz,m09,s08,e02,1,-9.267591,2.200000,2331.166577,21551.276666,363.428502,220,5496.843529,55611.675838,795.025923,260.194110,31.340460,229.362169,25071.426584,-2.255457,12810.890094,245.960102,58.490741,-2.708583,-12.516171
m09_s08_e03_positions_inc.txt.gz,m09,s08,e03,1,-8.515451,1.260000,3781.896076,41210.202581,549.492531,126,9533.752776,87770.213508,940.422845,290.095591,23.464397,218.437122,46975.786823,-2.168045,22548.697322,296.787800,-110.391187,-11.830106,-6.846690
m09_s08_e04_positions_inc.txt.gz,m09,s08,e04,1,-8.571158,1.560000,3453.739402,36380.861000,603.761980,156,7859.063056,91060.914760,1048.707564,303.653789,64.333422,301.360039,39099.470624,-2.148091,14324.857976,291.674009,-9.834339,9.491832,-1.068019
m09_s08_e05_positions_inc.txt.gz,m09,s08,e05,1,-8.494310,2.020000,3066.817999,26503.520137,670.048885,202,5800.961640,103231.477869,1252.887395,422.520344,33.041926,414.585320,30507.102100,-2.583718,15107.835678,306.942715,8.388233,0.215542,-21.969467
m09_s08_e06_positions_inc.txt.gz,m09,s08,e06,1,-8.118226,1.740000,3319.734400,27339.008002,655.620344,174,5624.282003,76483.451809,1206.524532,407.565726,130.391052,325.250548,30448.273759,-2.558598,13404.328270,324.644122,-23.076643,29.763137,14.041230
m09_s08_e07_positions_inc.txt.gz,m09,s08,e07,1,-9.000612,2.070000,3499.322343,32686.488986,679.030512,207,5810.998270,111494.461360,1185.484709,393.145856,61.382174,490.622286,35842.524620,-2.302492,14706.461467,294.350757,9.546294,-24.576575,-62.066099
m09_s08_e08_positions_inc.txt.gz,m09,s08,e08,1,-8.746687,2.190000,3564.679853,26466.945857,718.478036,219,4880.139510,99885.523937,1215.186544,430.655555,42.417983,444.042208,29736.904081,-2.426659,13556.704663,311.788786,7.297810,5.039408,47.726106
m09_s08_e09_positions_inc.txt.gz,m09,s08,e09,1,-8.571025,1.800000,4335.016327,39882.192151,679.288460,180,9002.968946,66376.874817,1424.743331,346.271569,92.048673,438.268799,42855.075582,-2.271952,15683.375031,479.448235,-30.424403,29.288369,5.404882
m09_s08_e10_positions_inc.txt.gz,m09,s08,e10,1,-8.493901,1.760000,3534.886839,28302.587337,671.704685,176,5035.454767,77284.879129,1064.813045,415.312241,57.918726,291.352051,31873.625770,-2.546057,14659.180391,285.266811,-8.929361,-33.366150,-8.528359
m09_s09_e01_positions_inc.txt.gz,m09,s09,e01,1,-9.049413,2.170000,2536.520258,23718.622775,441.181021,217,5309.277319,106507.105061,990.494384,359.018673,65.662888,251.812687,28590.220084,-2.922602,15963.321024,315.882428,-82.107435,-27.776365,-81.794727
m09_s09_e02_positions_inc.txt.gz,m09,s09,e02,1,-9.493554,2.730000,2773.719228,24138.274371,490.298376,273,6156.757743,66977.969628,1099.161301,382.426977,139.345401,269.352116,28074.791758,-3.181473,14336.584065,325.406411,3.344914,13.687318,10.244288
m09_s09_e03_positions_inc.txt.gz,m09,s09,e03,1,-9.124830,2.590000,2457.331542,19940.475627,463.164138,259,6052.178738,58524.610119,1085.429236,374.403906,83.195279,303.866969,24950.740320,-2.710530,14997.228887,296.027487,27.187067,-7.647788,0.652144
m09_s09_e04_positions_inc.txt.gz,m09,s09,e04,1,-8.811709,2.220000,2636.818750,22446.190059,447.004021,222,5091.561485,53097.341430,1007.521986,286.230259,71.500505,298.849772,24955.329728,-2.540046,10905.825675,287.950759,7.927485,-0.468925,-59.158399
m09_s09_e05_positions_inc.txt.gz,m09,s09,e05,1,-9.212191,2.660000,2421.444288,18173.620918,465.802799,266,3866.527056,36510.628011,878.910950,314.377792,129.989778,314.554944,20277.965490,-2.691053,8995.298058,268.165815,-9.516557,5.845970,-0.279259
m09_s09_e06_positions_inc.txt.gz,m09,s09,e06,1,-9.286245,2.610000,2424.901571,18314.511252,528.997601,261,4963.752561,58051.689260,821.128650,417.869760,172.168462,271.675341,20227.064465,-2.615833,8585.616722,230.776484,-32.037358,7.910248,-10.643517
m09_s09_e07_positions_inc.txt.gz,m09,s09,e07,1,-9.495089,2.990000,2043.603287,16378.433641,489.452393,299,3131.092412,50139.434974,822.283190,450.065698,111.950542,285.508948,18337.794478,-3.104898,8247.521919,240.211289,8.352862,0.778682,12.382200
m09_s09_e08_positions_inc.txt.gz,m09,s09,e08,1,-9.702902,2.660000,2938.378887,25335.659260,523.798329,266,5613.954016,67004.325571,989.177402,418.997631,129.652474,310.584356,29168.238729,-3.006568,14453.045368,318.643246,24.236811,-9.513788,-21.462151
m09_s09_e09_positions_inc.txt.gz,m09,s09,e09,1,-9.281720,2.610000,3137.242641,25223.902193,550.916212,261,5617.998409,56521.908015,1177.538985,395.467741,203.056216,335.461687,28941.058805,-2.785032,14189.420105,342.756253,-12.309594,21.940121,11.373989
m09_s09_e10_positions_inc.txt.gz,m09,s09,e10,1,-9.510964,2.570000,2535.238274,21642.961889,519.332955,257,4800.424852,58921.909655,895.896149,385.264519,168.474235,283.247844,25271.875336,-2.856115,13047.983894,261.675823,4.938222,-11.722855,5.506797
m09_s10_e01_positions_inc.txt.gz,m09,s10,e01,1,-9.007636,2.320000,270.013624,2875.734613,49.897762,232,681.363456,7571.821419,122.857656,52.256024,17.485588,42.616880,3141.619746,-2.404007,1264.881443,30.939796,10.367429,7.494329,-18.166543
m09_s10_e02_positions_inc.txt.gz,m09,s10,e02,1,-9.163091,2.100000,601.108125,5689.538005,101.144942,210,1110.260054,12288.454039,188.605430,59.146365,14.164123,60.443303,6052.923837,-2.771917,2065.682519,44.756415,13.352396,0.552553,-13.593852
m09_s10_e03_positions_inc.txt.gz,m09,s10,e03,1,-9.407896,2.260000,453.234825,4514.203578,82.414365,226,897.962460,10697.835142,150.849491,83.013032,19.295513,56.265439,4900.945712,-2.445025,1908.202015,37.896175,18.694516,6.096405,-22.557520
m09_s10_e04_positions_inc.txt.gz,m09,s10,e04,1,-9.361580,2.420000,426.528519,3609.936304,67.736924,242,691.593907,9013.030252,140.858949,26.347956,13.261195,44.340965,4035.548981,-3.250495,1803.888982,29.245473,6.343963,3.129716,-4.306244
m09_s10_e05_positions_inc.txt.gz,m09,s10,e05,1,-8.238750,2.090000,505.670211,4173.169569,108.341003,209,1004.858416,9184.820184,227.216940,118.518429,16.132610,34.571248,4626.398417,-2.265160,1997.052344,55.130471,-17.941472,0.814062,-4.175894
m09_s10_e06_positions_inc.txt.gz,m09,s10,e06,1,-9.730146,2.260000,518.548783,5160.600079,77.244346,226,1150.880604,12785.951837,153.776772,39.627506,21.617283,50.175909,5869.518409,-2.937840,2796.328518,34.725266,15.020062,8.896499,-15.619686
m09_s10_e07_positions_inc.txt.gz,m09,s10,e07,1,-8.678949,1.940000,793.569390,6810.589987,169.047707,194,1431.196570,21470.010205,278.155998,78.198359,42.569518,118.187531,7892.157835,-2.861897,3987.733607,76.930872,-10.568040,-7.465410,-4.054442
m09_s10_e08_positions_inc.txt.gz,m09,s10,e08,1,-9.004410,1.850000,466.359817,5212.933682,74.855712,185,1643.547532,35178.356143,193.308644,27.016150,11.107728,58.106580,6930.691048,-2.486442,4567.253095,54.669758,11.544618,3.061132,22.541612
m09_s10_e09_positions_inc.txt.gz,m09,s10,e09,1,-9.048647,1.830000,259.626298,2641.013218,36.862266,183,456.206522,5659.265641,76.937071,16.324795,7.504732,28.152395,2866.472048,-2.828511,1114.320954,18.179611,4.506147,0.742591,-8.712563
m09_s10_e10_positions_inc.txt.gz,m09,s10,e10,1,-10.011869,2.110000,352.652460,3772.744337,51.735474,211,701.842695,11070.596995,89.293295,22.245018,14.205854,46.726676,4349.555222,-2.549415,2164.493197,20.228157,7.414898,-0.072544,-9.135219
m10_s01_e01_positions_inc.txt.gz,m10,s01,e01,1,-6.652102,1.110000,2859.714023,22134.536394,534.242758,111,4404.647308,83749.181656,1103.539406,228.202109,178.525164,409.463672,26259.652891,-1.779693,14129.107141,360.986542,-197.385551,148.809756,-306.185792
m10_s01_e02_positions_inc.txt.gz,m10,s01,e02,1,-7.783492,1.810000,2724.019500,21110.080868,595.098640,181,5230.909166,67401.379099,1177.121856,227.650141,193.339906,434.349255,23684.672456,-2.809582,10739.096569,368.268613,11.509235,4.410299,7.480746
m10_s01_e03_positions_inc.txt.gz,m10,s01,e03,1,-7.972399,1.850000,2282.172243,18984.743363,587.564238,185,4662.200562,81945.945344,1109.418780,208.861761,198.265018,440.962239,23742.279804,-3.101448,14257.467158,322.070759,5.955812,10.467521,2.010957
m10_s01_e04_positions_inc.txt.gz,m10,s01,e04,1,-8.358075,1.830000,5293.367479,43009.214056,1054.724239,183,9884.247070,171875.010080,1992.144980,206.381770,193.025562,839.013340,52550.539378,-2.879131,30195.474746,597.461690,-9.052675,3.101849,-2.307017
m10_s01_e05_positions_inc.txt.gz,m10,s01,e05,1,-8.520453,1.850000,4689.464819,40264.212573,971.886792,185,10056.701804,182824.553406,1933.687244,204.232442,197.962870,782.420055,54427.889183,-3.171745,36622.237872,532.340417,4.151138,2.627115,3.532471
m10_s01_e06_positions_inc.txt.gz,m10,s01,e06,1,-8.437297,1.810000,4528.895428,36908.883953,1013.659101,181,8098.838286,168702.735141,1722.395000,215.470686,187.344230,808.220436,48056.330822,-2.919353,30775.724483,493.924729,-7.575876,-1.443142,-13.096529
m10_s01_e07_positions_inc.txt.gz,m10,s01,e07,1,-8.701337,2.010000,6381.947316,53814.247566,1216.340593,201,11714.793664,248773.018173,2423.210841,297.189404,259.984326,987.593042,65927.772351,-2.865342,38085.403058,697.896369,-10.184982,0.655161,-14.488799
m10_s01_e08_positions_inc.txt.gz,m10,s01,e08,1,-8.720736,1.970000,7067.934863,60193.836100,1282.004336,197,14002.039012,173205.197707,2547.736024,280.042467,303.926095,1013.813566,72133.808137,-2.943828,39749.067560,787.088364,9.039796,-1.572602,7.683658
m10_s01_e09_positions_inc.txt.gz,m10,s01,e09,1,-8.577202,1.880000,5714.219656,50852.415356,1049.841813,188,11289.735117,153332.032694,2183.779336,231.426709,177.698976,840.047788,61728.793283,-3.146538,34992.510236,659.639122,-16.598707,10.688937,-11.820320
m10_s01_e10_positions_inc.txt.gz,m10,s01,e10,1,-9.246739,1.900000,5830.606213,59490.660741,1044.524714,190,15230.118419,282753.345013,2016.950690,221.570710,219.080457,828.523161,78427.574904,-3.536392,51105.242293,648.710097,-5.836974,14.298445,-3.741630
m10_s02_e01_positions_inc.txt.gz,m10,s02,e01,1,-7.579175,1.680000,2542.814949,20655.149095,590.915567,168,4714.031672,73401.095042,1177.162693,224.504984,299.926107,348.443719,23914.946092,-3.274406,12053.607860,398.245979,-17.492242,35.337471,-8.791760
m10_s02_e02_positions_inc.txt.gz,m10,s02,e02,1,-8.008219,2.280000,1966.890052,14013.854600,511.804717,228,3875.000370,64091.133262,1043.579934,263.663632,304.848726,403.066858,16618.283728,-2.921730,8931.922151,340.996198,0.280735,2.533290,-4.434866
m10_s02_e03_positions_inc.txt.gz,m10,s02,e03,1,-7.864473,2.260000,2246.162235,15109.496805,566.435835,226,4214.254392,53598.125336,1156.265520,289.032687,331.215271,447.140594,17363.754534,-3.018190,8555.879721,376.609065,6.798615,13.453075,2.981431
m10_s02_e04_positions_inc.txt.gz,m10,s02,e04,1,-7.895202,2.390000,2237.079790,15143.199282,589.926898,239,4404.837947,65293.705990,1269.708397,312.919928,314.990557,511.205440,17804.444906,-2.990263,9363.854651,398.769857,-2.324076,-5.464197,1.380190
m10_s02_e05_positions_inc.txt.gz,m10,s02,e05,1,-8.248853,2.360000,3065.839990,22892.186011,687.190162,236,5891.502123,51078.058684,1466.583003,283.645322,345.001433,625.243729,25012.339871,-3.125918,10077.944505,530.683339,-2.209480,1.461007,-1.492304
m10_s02_e06_positions_inc.txt.gz,m10,s02,e06,1,-7.723640,1.980000,1890.261433,12791.639265,442.175113,198,3129.379204,47087.835488,877.106968,223.702037,279.078693,248.202932,14970.000168,-3.015428,7776.559005,291.317223,-1.276329,-5.004350,-5.864112
m10_s02_e07_positions_inc.txt.gz,m10,s02,e07,1,-7.919796,2.220000,3232.171676,21193.200079,765.134201,222,5438.652205,71919.452812,1548.001259,283.090125,332.413394,678.158705,24547.296051,-3.084256,12386.202559,516.541390,2.950369,1.714799,7.660201
m10_s02_e08_positions_inc.txt.gz,m10,s02,e08,1,-8.623156,2.290000,3327.786753,27632.036193,741.044936,229,8384.310523,129956.709112,1537.000071,298.447356,366.244831,658.146040,33068.559705,-3.295405,18165.908093,535.947562,-6.630585,6.907140,-5.248941
m10_s02_e09_positions_inc.txt.gz,m10,s02,e09,1,-8.177957,1.920000,2863.894515,26222.599532,576.328172,192,5348.396206,88898.725819,1311.716452,272.800771,306.929567,358.570922,29424.486896,-3.082040,13348.247184,423.956192,10.560693,-10.642149,-2.031764
m10_s02_e10_positions_inc.txt.gz,m10,s02,e10,1,-8.671283,2.240000,2598.337598,23278.750681,595.062259,224,7599.044935,146299.899451,1409.450420,301.879044,380.430497,451.840970,32108.713496,-3.453200,22114.910108,467.316919,-20.528182,26.818189,-1.838276
m10_s03_e01_positions_inc.txt.gz,m10,s03,e01,1,-8.506629,2.820000,2278.876374,15447.715082,651.467163,282,4573.601748,82383.519813,1261.035625,332.120912,279.666664,711.438090,18730.295095,-3.278142,10592.075013,423.498137,-1.397866,-2.457856,-1.051434
m10_s03_e02_positions_inc.txt.gz,m10,s03,e02,1,-8.747447,2.570000,2467.633532,19338.299077,655.222633,257,5431.876014,97995.687957,1262.892755,142.472650,408.973629,636.355159,24319.280543,-3.080350,14746.443467,367.565759,0.963801,6.324434,3.636690
m10_s03_e03_positions_inc.txt.gz,m10,s03,e03,1,-8.509264,2.550000,2174.122522,16375.962589,572.798775,255,5245.928584,92445.866790,1221.181595,247.516267,253.506613,585.857976,21121.905149,-3.070198,13340.267103,369.566670,-4.421588,-3.142238,2.717415
m10_s03_e04_positions_inc.txt.gz,m10,s03,e04,1,-8.568650,2.730000,2323.740546,16249.145499,668.410279,273,5212.162316,83459.154793,1228.578458,237.068864,228.446095,774.551913,19761.396745,-2.785456,11246.247012,345.713885,9.407841,-5.281681,-8.045684
m10_s03_e05_positions_inc.txt.gz,m10,s03,e05,1,-8.368147,2.440000,2616.996409,21000.985590,638.311452,244,6754.797791,104753.763982,1517.370084,258.494366,251.592535,628.857433,26129.242115,-2.951549,15546.571897,416.410505,2.345623,8.787926,3.425926
m10_s03_e06_positions_inc.txt.gz,m10,s03,e06,1,-8.443747,2.700000,2281.884921,17110.419171,679.624741,270,5952.889470,91042.189442,1419.437100,181.169009,278.192122,768.678473,21807.545754,-2.875797,13520.451457,371.268014,-2.663456,-0.454713,-1.878880
m10_s03_e07_positions_inc.txt.gz,m10,s03,e07,1,-8.421242,2.840000,2175.381282,14816.045867,562.898510,284,3545.195876,50339.076750,1193.116914,332.655110,169.505206,622.363128,16801.768661,-3.179515,7923.649096,378.304286,-0.839691,0.184914,4.346171
m10_s03_e08_positions_inc.txt.gz,m10,s03,e08,1,-8.834764,3.050000,2546.998783,19064.981212,665.807336,305,5212.229162,76023.746783,1430.344968,294.576661,400.993207,722.929934,22255.418557,-3.393585,11481.730990,449.097511,5.532212,3.748741,0.849374
m10_s03_e09_positions_inc.txt.gz,m10,s03,e09,1,-8.288245,2.730000,2433.380419,16926.623486,627.616709,273,4926.851337,84789.423615,1513.875233,271.822928,281.886429,704.656766,21164.872295,-3.442240,12705.952802,460.662566,-7.659274,-2.156274,-8.676220
m10_s03_e10_positions_inc.txt.gz,m10,s03,e10,1,-8.495663,2.750000,1466.354744,11161.511735,442.223623,275,3649.860326,80342.805311,956.429970,252.909444,245.934982,464.897515,14671.140705,-3.329795,9521.713364,299.112058,10.392923,7.849279,5.224942
m10_s04_e01_positions_inc.txt.gz,m10,s04,e01,1,-7.582523,1.980000,2069.617459,13837.950493,482.466509,198,4234.386917,57475.952742,1072.336620,341.966758,180.431647,343.074365,17055.218823,-2.672121,9969.534356,382.742790,-68.127190,26.955613,-28.307728
m10_s04_e02_positions_inc.txt.gz,m10,s04,e02,1,-8.058851,2.180000,3116.374997,20592.915524,771.254247,218,4792.884594,86631.910687,1346.265220,110.504276,443.663630,609.547870,23518.152589,-2.923955,11359.371964,431.428770,-7.363932,6.132310,-2.410951
m10_s04_e03_positions_inc.txt.gz,m10,s04,e03,1,-8.247519,2.210000,4152.987786,31131.014397,821.172844,221,7566.185991,65300.197634,1862.968631,485.654142,115.766016,625.367161,35038.308196,-2.659468,16079.271870,575.537912,7.691468,3.964939,1.511880
m10_s04_e04_positions_inc.txt.gz,m10,s04,e04,1,-8.038159,2.290000,3139.985045,20194.130091,827.820765,229,5412.205483,102041.005353,1527.202666,306.939761,253.441450,764.263945,24524.917488,-2.528533,13916.489776,437.368641,-9.102919,-1.549027,0.278887
m10_s04_e05_positions_inc.txt.gz,m10,s04,e05,1,-8.484264,2.440000,2303.403420,17735.918185,643.812079,244,4096.670114,75142.035420,1127.802926,331.296380,157.768822,604.547775,20581.784580,-2.585822,10442.560156,299.921655,9.416649,-1.248881,6.211528
m10_s04_e06_positions_inc.txt.gz,m10,s04,e06,1,-8.091299,2.370000,3070.129176,21265.912560,781.744488,237,6112.835535,84003.959199,1650.035412,348.952846,229.617730,746.676089,25844.851305,-2.833013,14687.317726,457.132198,12.903180,1.172864,3.308068
m10_s04_e07_positions_inc.txt.gz,m10,s04,e07,1,-8.309656,2.520000,3110.108256,19384.593857,874.344340,252,5208.229211,79890.320618,1466.754143,310.310390,216.238775,906.064521,23370.898755,-2.826938,13055.130394,422.085712,-9.659629,-0.875654,-6.773471
m10_s04_e08_positions_inc.txt.gz,m10,s04,e08,1,-8.261477,2.160000,2789.422154,21324.173547,676.399069,216,5268.634477,91785.224794,1330.089978,346.153623,232.859461,547.008216,26070.976251,-3.031252,14999.180819,390.475677,-0.861499,7.901239,9.320647
m10_s04_e09_positions_inc.txt.gz,m10,s04,e09,1,-8.017961,2.540000,2624.430369,17932.469735,685.290251,254,5369.836974,59872.434449,1474.816328,315.092085,224.654359,700.943795,20070.841009,-2.682062,9014.720629,434.497738,-0.573436,-4.241536,-7.927859
m10_s04_e10_positions_inc.txt.gz,m10,s04,e10,1,-7.989558,1.970000,3488.374400,29267.249562,868.198816,197,10301.493935,114236.996457,2006.693616,358.898426,167.596265,704.859126,39417.792573,-2.463352,26404.364685,482.706387,28.318963,4.222720,8.540178
m10_s05_e01_positions_inc.txt.gz,m10,s05,e01,1,-10.629355,5.810000,2072.266607,14042.832753,552.734388,581,4710.271436,94483.410305,1228.697789,386.446494,386.607886,428.394508,17836.759218,-4.129772,10997.673738,291.170847,32.474372,-21.029749,15.974606
m10_s05_e02_positions_inc.txt.gz,m10,s05,e02,1,-8.684857,2.760000,2412.279692,15897.559315,626.302038,276,5444.624002,102372.741992,1182.899808,287.114898,220.786129,603.224883,19837.054056,-2.760028,11864.919783,320.771649,-52.623657,26.667932,-23.833954
m10_s05_e03_positions_inc.txt.gz,m10,s05,e03,1,-8.477170,2.050000,1900.789993,15663.941386,629.106735,205,5007.115359,95565.968926,959.783789,235.670806,129.702725,586.263496,22664.006793,-3.049367,16379.809039,248.466152,-30.175447,13.241031,-10.558125
m10_s05_e04_positions_inc.txt.gz,m10,s05,e04,1,-8.311590,1.880000,2083.911572,15762.527790,626.505022,188,5000.452491,108718.575019,910.568721,291.535897,231.261409,431.485478,22537.965513,-2.918775,16109.084615,238.896358,8.680686,16.845362,2.718245
m10_s05_e05_positions_inc.txt.gz,m10,s05,e05,1,-8.832095,2.180000,1932.122720,16807.717618,441.279469,218,5055.113416,103538.902457,887.297491,241.221795,302.483245,263.899409,22816.523610,-3.513531,15430.307130,290.266745,-17.811362,0.668451,-13.678029
m10_s05_e06_positions_inc.txt.gz,m10,s05,e06,1,-6.769997,1.300000,1910.838847,13626.380549,554.084960,130,3975.453285,86637.670909,952.669980,400.713123,142.809653,507.933995,18972.023872,-1.900570,13200.736455,305.053500,305.972333,-70.351479,380.042012
m10_s05_e07_positions_inc.txt.gz,m10,s05,e07,1,-6.993910,1.460000,2886.033695,20364.736681,782.993586,146,4816.320611,85196.084084,1391.239638,384.247367,182.504153,480.205988,26036.403230,-2.586582,16222.570484,352.731662,-58.856915,-57.606810,-112.253419
m10_s05_e08_positions_inc.txt.gz,m10,s05,e08,1,-7.930211,2.120000,2836.270250,17075.490120,710.557150,212,5006.683668,61303.972842,1159.089603,340.461791,271.438530,555.211690,19798.700376,-2.859474,10020.787082,310.636436,12.679463,-37.502784,1.121593
m10_s05_e10_positions_inc.txt.gz,m10,s05,e10,1,-8.359694,1.940000,3361.921867,28112.313087,540.032312,194,8843.669393,84432.286951,1377.058708,355.095930,355.416802,362.587051,33306.917962,-2.094646,17861.932623,382.004205,-147.806935,169.432881,-160.831728
m10_s06_e01_positions_inc.txt.gz,m10,s06,e01,1,-8.539688,1.820000,4311.467374,40118.214691,722.988165,182,10143.394490,174890.190325,1717.528062,221.062992,239.371397,521.333541,50022.628601,-3.330909,29879.628882,535.080486,-12.267176,-9.152344,-5.711926
m10_s06_e02_positions_inc.txt.gz,m10,s06,e02,1,-8.634543,2.320000,2774.765585,23927.053611,543.642289,232,6065.144473,51785.029310,1236.636498,229.750668,230.442465,475.085556,26240.817497,-3.128817,10773.885483,417.419714,4.000565,8.376237,1.704049
m10_s06_e03_positions_inc.txt.gz,m10,s06,e03,1,-8.663006,2.480000,2928.557246,24170.847562,534.178864,248,5831.267175,48777.822508,1404.077373,195.205353,241.901316,529.767405,27343.950971,-3.609837,12785.217355,500.988977,10.636912,-10.489543,7.648460
m10_s06_e04_positions_inc.txt.gz,m10,s06,e04,1,-8.694251,2.100000,3776.945826,37004.522218,577.301001,210,9724.974863,100640.867541,1799.440483,159.651157,241.041452,483.741245,45681.586134,-3.348351,26785.679889,544.318909,-0.716585,-5.563045,3.527553
m10_s06_e05_positions_inc.txt.gz,m10,s06,e05,1,-8.335942,2.460000,2309.502082,16560.959581,562.272138,246,4918.770694,69955.471159,1179.211683,151.579829,190.209051,619.139970,19738.576409,-2.309998,10739.926275,361.145612,-8.696507,3.749850,-16.251655
m10_s06_e06_positions_inc.txt.gz,m10,s06,e06,1,-8.125745,1.940000,3346.085143,26788.154867,757.762161,194,6225.308237,90746.208488,1432.165196,208.297505,197.015354,643.466574,30815.818765,-2.418953,15231.856255,408.331045,-25.890849,0.966467,-6.928425
m10_s06_e07_positions_inc.txt.gz,m10,s06,e07,1,-8.363836,2.030000,2762.303943,21659.007790,691.973016,203,6359.979528,110218.023551,1210.522773,196.533424,218.238271,595.630971,27410.243576,-2.971076,16799.072429,348.480249,-5.235940,3.508008,-5.913521
m10_s06_e08_positions_inc.txt.gz,m10,s06,e08,1,-7.997825,2.100000,3022.771599,19534.834927,722.322216,210,5918.262000,51146.368181,1266.769865,185.729152,206.210891,667.951463,22702.537766,-2.799555,11566.998115,382.435234,18.601169,-7.447530,24.683174
m10_s06_e09_positions_inc.txt.gz,m10,s06,e09,1,-8.473537,1.970000,3171.943062,29706.919597,654.569420,197,5744.078850,81776.699540,1256.654858,145.234433,306.699802,499.555467,31442.842220,-2.691784,10302.973112,366.945472,13.379060,2.970472,-3.610584
m10_s06_e10_positions_inc.txt.gz,m10,s06,e10,1,-8.444499,2.210000,2849.309337,23314.030823,555.906512,221,5701.073815,71711.199865,1256.258620,166.796962,291.095170,439.525831,26072.961166,-3.446683,11672.843301,402.331566,-3.483434,9.979157,5.462703
m10_s07_e01_positions_inc.txt.gz,m10,s07,e01,1,-7.508239,1.090000,212.021320,2196.627050,38.731884,109,474.010717,8854.969527,70.774010,9.541535,17.452604,8.126224,2655.384191,-2.784856,1491.943299,17.850471,-4.811771,1.143916,-0.331426
m10_s07_e02_positions_inc.txt.gz,m10,s07,e02,1,-8.222757,1.480000,250.010357,2537.523505,48.105050,148,590.293266,11194.532461,90.899731,12.422513,31.276692,20.392110,3081.194530,-2.129739,1747.779790,23.980958,-4.226207,6.753403,-3.899629
m10_s07_e03_positions_inc.txt.gz,m10,s07,e03,1,-8.971972,1.380000,273.870565,3109.462940,40.401029,138,661.035315,14447.622390,71.929242,6.273149,22.216818,7.772807,3938.454543,-2.945919,2417.160402,12.521097,-1.810345,-8.371508,3.205228
m10_s07_e04_positions_inc.txt.gz,m10,s07,e04,1,-8.209135,1.980000,548.613777,5180.979204,137.484967,198,1434.021742,16913.537624,275.938162,50.234815,59.424447,96.355652,6003.505911,-2.465594,3033.073972,59.562759,-2.047137,-8.006787,4.088015
m10_s07_e05_positions_inc.txt.gz,m10,s07,e05,1,-8.374074,1.890000,510.545744,4921.942195,129.620762,189,1099.623532,22734.855509,233.655253,39.269928,52.466481,99.066165,5919.566590,-2.605707,3288.731313,53.455777,5.437146,-2.151562,-2.363791
m10_s07_e06_positions_inc.txt.gz,m10,s07,e06,1,-8.068142,1.670000,580.448111,5101.705092,143.439757,167,1369.281947,27943.083044,242.629011,34.058189,66.505277,93.129982,6351.010543,-2.784146,3782.583782,61.143076,-9.254229,3.621788,-0.418277
m10_s07_e07_positions_inc.txt.gz,m10,s07,e07,1,-7.593568,1.610000,473.511591,4968.390894,133.289925,161,1065.266728,21728.502020,273.463099,28.960872,57.968608,92.637133,5964.612278,-2.842160,3300.256287,67.241557,-15.314460,14.847720,-3.491847
m10_s07_e08_positions_inc.txt.gz,m10,s07,e08,1,-8.371016,1.790000,653.773697,5599.530941,153.045180,179,1591.181279,31361.752857,260.582363,27.285749,74.575172,105.515844,7151.688183,-2.905973,4448.808504,71.550000,-5.015144,-1.269239,0.520411
m10_s07_e09_positions_inc.txt.gz,m10,s07,e09,1,-8.149729,1.600000,704.472901,6455.980590,168.272172,160,1482.194584,24641.228796,270.030948,55.670896,77.696938,99.684563,7850.997234,-2.495174,4467.490591,60.713055,10.637770,-2.231395,13.957177
m10_s07_e10_positions_inc.txt.gz,m10,s07,e10,1,-7.085487,1.720000,1062.006936,10103.311281,249.109653,172,3671.775237,48998.766109,942.108669,175.498241,178.201771,93.601932,14434.516475,-2.526412,10309.139975,236.256990,92.748933,84.832055,-0.784305
m10_s08_e01_positions_inc.txt.gz,m10,s08,e01,1,-8.133684,1.230000,6629.785836,73669.893239,1011.120861,123,15260.701384,204899.269425,2070.630203,224.402171,360.815278,445.761941,88603.698166,-2.887713,49227.656442,628.928296,-27.905890,42.534789,-13.371030
m10_s08_e02_positions_inc.txt.gz,m10,s08,e02,1,-8.247030,1.410000,6477.805028,56674.896830,1034.063397,141,11612.604079,213310.066753,1798.505184,362.396389,141.966987,547.432873,66359.462013,-2.678498,34518.607560,589.631052,-3.696373,-11.302889,6.548183
m10_s08_e03_positions_inc.txt.gz,m10,s08,e03,1,-8.540131,1.340000,6860.534343,69108.132892,1200.522172,134,17752.099348,343205.831389,2004.565369,204.786442,456.600691,526.137838,92433.380032,-2.550607,61384.002088,531.337871,11.341063,-0.497801,6.910775
m10_s08_e04_positions_inc.txt.gz,m10,s08,e04,1,-8.427643,1.470000,6757.828035,64588.545589,1230.172738,147,12435.176288,259184.598677,2045.347357,192.016455,309.980863,743.228171,77594.435082,-2.666673,43002.513118,576.402339,-32.036237,17.731727,-15.835264
m10_s08_e05_positions_inc.txt.gz,m10,s08,e05,1,-8.749870,1.430000,8571.976565,86618.443948,1428.562408,143,14705.661025,297742.025074,2197.466557,420.814829,177.349888,783.460252,102077.111786,-2.805345,54009.091074,617.821395,16.757046,-15.973050,-5.766917
m10_s08_e06_positions_inc.txt.gz,m10,s08,e06,1,-8.194732,1.300000,7895.018348,74243.675407,1475.496147,130,11453.697606,216248.349621,2031.692325,185.712597,390.879927,758.490115,82490.961318,-2.610908,35953.238538,480.531823,-20.243138,9.455641,27.857214
m10_s08_e07_positions_inc.txt.gz,m10,s08,e07,1,-8.961246,1.650000,7323.879845,71130.746593,1341.772816,165,17019.778289,390774.106457,2218.079226,214.038727,308.772708,857.672905,92397.671373,-3.277663,58972.422065,644.819465,9.916625,-8.873103,-6.836723
m10_s08_e08_positions_inc.txt.gz,m10,s08,e08,1,-9.026636,1.470000,7611.801370,82169.883103,1312.106996,147,18955.897985,425316.433803,2075.264559,329.908693,165.849079,770.721622,106220.073328,-2.964476,67311.323628,550.880665,-11.903902,14.665121,10.041311
m10_s08_e09_positions_inc.txt.gz,m10,s08,e09,1,-8.446449,1.460000,6305.011261,60173.362929,1233.099045,146,11226.216958,240440.125433,1817.748852,101.978449,392.857142,707.335773,70327.899232,-2.589065,36403.019163,436.063428,10.710294,1.350714,-4.103790
m10_s08_e10_positions_inc.txt.gz,m10,s08,e10,1,-9.255569,1.410000,6882.634825,76389.750464,1137.737222,141,18222.971233,358527.183668,1719.924846,266.177814,355.534744,608.801305,105075.646423,-2.736036,72149.133711,488.792765,2.747109,41.102809,-10.772622
m10_s09_e01_positions_inc.txt.gz,m10,s09,e01,1,-7.613959,1.470000,3520.961759,27895.938449,794.717535,147,5594.091615,115845.073944,1291.980338,370.460260,147.939299,445.554341,32630.983251,-2.653529,16929.196260,362.589631,-77.502328,24.420850,-26.394445
m10_s09_e02_positions_inc.txt.gz,m10,s09,e02,1,-8.039311,2.000000,2316.503491,18762.282322,510.351790,200,5193.498435,51244.288922,1137.881863,365.923006,122.324802,316.956940,22400.943262,-2.876838,12238.423962,338.443919,12.236244,6.945543,6.476828
m10_s09_e03_positions_inc.txt.gz,m10,s09,e03,1,-8.043706,1.860000,2111.784434,18596.701582,489.444343,186,4110.194419,68995.157553,1002.415003,326.952895,112.906325,281.625238,22051.939344,-2.916380,11851.190620,295.808581,6.234532,-15.837116,3.551291
m10_s09_e04_positions_inc.txt.gz,m10,s09,e04,1,-8.407555,1.970000,2803.166087,24139.685307,542.512233,197,6105.602974,120924.247891,1211.352493,273.274299,135.274165,394.334069,29325.705711,-2.966257,16651.504699,362.320935,-9.118291,5.596099,-7.473382
m10_s09_e05_positions_inc.txt.gz,m10,s09,e05,1,-8.398898,1.990000,2770.083347,22766.695509,553.527855,199,5482.912143,91934.328237,1120.286687,303.104955,161.319625,394.255440,26597.884194,-3.267570,13752.273238,381.411861,-17.958548,11.088120,-5.442355
m10_s09_e06_positions_inc.txt.gz,m10,s09,e06,1,-8.208019,2.100000,2108.271396,16256.251654,484.222965,210,4379.807304,92704.939636,1012.851777,284.988721,168.995268,363.412509,20163.491265,-2.904279,11928.984120,290.614527,27.315404,-8.270448,9.502802
m10_s09_e07_positions_inc.txt.gz,m10,s09,e07,1,-8.281312,1.690000,2530.916079,23491.350306,482.745502,169,5427.641368,90926.307329,992.048357,284.638599,169.993530,227.162771,28377.016720,-3.379619,15918.905073,325.454798,-1.643949,-2.851205,-4.853866
m10_s09_e08_positions_inc.txt.gz,m10,s09,e08,1,-7.793822,1.900000,2327.095046,17491.391952,513.854535,190,4175.221786,41505.774925,1025.610701,329.262641,135.760989,309.713334,19286.751263,-2.771218,8125.883453,322.261086,-8.349279,3.641342,-0.758098
m10_s09_e09_positions_inc.txt.gz,m10,s09,e09,1,-7.839869,1.680000,2308.793900,18500.474638,498.190225,168,4170.649879,66031.026796,927.615807,294.093571,121.872191,273.686024,21468.919429,-2.882125,10892.517598,283.048519,17.157525,-3.286473,7.178792
m10_s09_e10_positions_inc.txt.gz,m10,s09,e10,1,-8.128575,1.650000,3469.353868,29554.711189,580.658693,165,7701.521772,107028.755654,1357.707840,255.238017,166.475212,338.434187,37297.352110,-2.786113,22751.077358,379.072541,9.503512,3.110375,-4.564205
m10_s10_e01_positions_inc.txt.gz,m10,s10,e01,1,-8.147012,1.430000,331.837663,3435.204419,46.750258,143,727.100288,7941.245268,114.938965,13.474125,10.046068,34.536651,3949.703172,-2.361254,1949.237222,27.515613,3.066954,2.664853,-15.238803
m10_s10_e02_positions_inc.txt.gz,m10,s10,e02,1,-8.495805,1.730000,417.916022,4152.212441,95.098274,173,1037.927748,7803.715993,147.186975,20.838669,47.914860,56.703318,4525.233025,-2.438716,1799.129171,27.538770,1.601207,4.519145,-0.638817
m10_s10_e03_positions_inc.txt.gz,m10,s10,e03,1,-8.032372,1.560000,413.133330,3953.881216,97.903777,156,811.671855,11469.716909,150.490141,28.035215,53.827637,63.838060,4285.767558,-2.593180,1653.670732,32.490406,15.601934,18.815636,-41.414325
m10_s10_e04_positions_inc.txt.gz,m10,s10,e04,1,-9.077500,1.990000,493.295956,4753.173834,80.543883,199,881.711200,14216.529670,159.060879,64.609179,38.154518,31.990907,5301.976575,-2.624602,2349.104958,38.982410,18.341895,-1.241869,-10.684928
m10_s10_e05_positions_inc.txt.gz,m10,s10,e05,1,-8.404981,1.920000,491.864377,4354.861458,93.465567,192,1011.571132,11723.003714,192.283923,51.593487,36.482450,67.023537,4831.807193,-2.166176,2093.213422,40.797954,-15.141331,5.883704,14.865535
m10_s10_e06_positions_inc.txt.gz,m10,s10,e06,1,-8.967646,1.810000,503.406218,5005.669722,84.322160,181,1094.961896,13336.974361,150.773106,41.095354,12.754841,63.027184,5484.103605,-2.598016,2240.237262,32.588056,2.886987,-0.665577,-21.978456
m10_s10_e07_positions_inc.txt.gz,m10,s10,e07,1,-8.094655,1.600000,386.095422,3593.321218,65.078619,160,732.262300,15254.431814,144.984071,57.677744,6.968469,22.758220,4100.835426,-2.038931,1976.080419,36.472263,30.616879,-0.354061,-14.391552
m10_s10_e08_positions_inc.txt.gz,m10,s10,e08,1,-8.530706,1.880000,454.078308,3762.074854,76.681462,188,816.391920,7306.945932,148.931203,49.471984,15.010682,36.630255,4113.089762,-2.796203,1662.618472,33.303467,20.175251,1.535368,6.475155
m10_s10_e09_positions_inc.txt.gz,m10,s10,e09,1,-8.180942,1.730000,672.122596,6092.942178,123.636987,173,1212.553674,21591.267398,266.023105,77.934381,65.941544,40.796210,6987.457246,-2.868613,3420.616084,63.636498,-14.722941,7.770341,-16.485754
m10_s10_e10_positions_inc.txt.gz,m10,s10,e10,1,-8.217192,1.810000,677.126009,6741.714359,142.160318,181,1697.307458,24282.374618,324.819974,47.985828,64.707202,92.520939,8118.308330,-3.058149,4522.855033,72.616793,13.291363,-4.460122,29.788957
m07_s01_e01_positions.txt.gz,m07,s01,e01,0,-8.076080,2.290000,3663.516425,22868.434423,1019.515755,229,5606.455905,115671.757466,1706.145115,82.124828,396.106219,1032.060713,27922.939656,-2.766201,16022.648535,528.542124,-30.491800,126.691580,-113.194771
m07_s01_e02_positions.txt.gz,m07,s01,e02,0,-8.544140,2.830000,3679.966185,21949.939585,979.080160,283,6010.253454,97034.279363,1681.609938,54.211596,417.894302,1033.096588,25315.233779,-3.048720,12611.947253,520.743036,-6.223275,-1.422042,1.249641
m07_s01_e03_positions.txt.gz,m07,s01,e03,0,-8.542202,2.920000,3356.597448,19905.243735,936.802678,292,5626.093433,108681.150207,1767.579288,57.489270,413.960466,1025.022032,25364.146456,-2.898049,15720.088972,470.267427,12.189264,2.686094,4.269333
m07_s01_e04_positions.txt.gz,m07,s01,e04,0,-8.697569,3.020000,3036.422389,17795.235176,910.391258,302,6266.784019,130365.665897,1560.987169,59.317813,406.087931,1024.398419,23016.643484,-2.983675,14597.790323,425.800711,2.642473,9.109946,-3.548944
m07_s01_e05_positions.txt.gz,m07,s01,e05,0,-8.561600,2.970000,3150.243437,18205.159736,935.975200,297,6207.360776,125660.759262,1656.340768,96.930250,408.199271,1037.799109,23396.064647,-2.818443,14695.169272,419.143593,-0.642123,-2.204866,-1.242028
m07_s01_e06_positions.txt.gz,m07,s01,e06,0,-8.664684,2.950000,3170.126856,18150.939054,928.279276,295,6448.421847,131025.852920,1543.389884,63.405277,393.799421,1025.595365,23187.546198,-2.989783,14429.335055,420.601460,0.619175,-1.554481,-1.078026
m07_s01_e07_positions.txt.gz,m07,s01,e07,0,-8.809748,2.770000,3704.968900,23777.214123,1015.207816,277,7851.282695,148978.563871,1842.266741,91.090147,439.247581,1041.853903,32707.344747,-2.887673,22459.173826,446.451429,-6.594357,-1.994655,2.652842
m07_s01_e08_positions.txt.gz,m07,s01,e08,0,-8.576066,2.860000,3431.474028,21951.124245,944.940202,286,8055.477662,124955.266371,1929.647986,84.301944,388.660240,1037.591557,29053.482851,-2.903075,19032.945389,488.072855,3.246443,-2.324085,-1.776430
m07_s01_e09_positions.txt.gz,m07,s01,e09,0,-8.595561,2.790000,3724.476937,22713.205710,987.541005,279,8400.956818,140098.755839,1958.738508,57.835262,411.972364,1036.559239,30908.114005,-2.870657,20962.390076,503.649621,2.064248,6.138173,2.646927
m07_s01_e10_positions.txt.gz,m07,s01,e10,0,-8.858015,2.870000,4073.564217,26468.955941,972.971254,287,9270.243647,138049.620949,2039.043239,98.550412,403.052577,1045.371297,35163.899080,-3.109044,23149.388112,568.348388,-0.782283,6.705136,-9.106576
m07_s02_e01_positions.txt.gz,m07,s02,e01,0,-8.739698,2.330000,5250.814485,42635.063421,1131.678574,233,10319.345417,232160.034617,2385.909327,121.538242,451.120449,1098.551895,53017.751783,-3.609149,31514.018645,848.363607,-3.615274,75.343922,-33.646394
m07_s02_e02_positions.txt.gz,m07,s02,e02,0,-8.753911,2.740000,5048.941360,36884.619448,1076.018131,274,8633.730457,82506.759987,2331.060085,145.597658,458.371988,1121.728427,40908.651950,-3.209598,17693.011403,775.363156,3.773064,-1.182123,3.099666
m07_s02_e03_positions.txt.gz,m07,s02,e03,0,-8.747165,2.600000,5342.214906,38885.132671,1119.258434,260,8372.609157,79226.392815,2284.163101,120.279330,478.025041,1103.563057,43220.496361,-3.273860,18866.842948,767.909457,-0.022231,8.421002,1.717640
m07_s02_e04_positions.txt.gz,m07,s02,e04,0,-8.653736,3.010000,3956.940740,26891.160597,939.424660,301,6402.169597,51364.173024,2027.122852,143.042534,480.372629,1084.196045,29387.672566,-3.016941,11853.302519,689.390277,-3.728835,-3.284530,-3.240066
m07_s02_e05_positions.txt.gz,m07,s02,e05,0,-8.598708,2.880000,4197.796153,27552.300035,1019.007897,288,7511.884402,73360.871189,2065.808073,138.056748,474.043834,1118.798063,31130.564543,-3.224131,14490.783677,655.283218,-1.714109,-11.527743,1.767435
m07_s02_e06_positions.txt.gz,m07,s02,e06,0,-8.762513,2.750000,4913.901010,36987.014782,1066.534872,275,9628.851506,92115.507835,2439.425986,144.388355,441.731345,1117.949903,42760.633292,-3.248687,21457.690861,740.368151,3.581163,-1.876185,0.058245
m07_s02_e07_positions.txt.gz,m07,s02,e07,0,-8.526105,2.810000,4130.514752,26433.265602,1028.486772,281,6879.484953,69975.230365,1928.649822,147.964738,459.907544,1102.718654,29081.323772,-2.991717,12124.597394,617.131773,-3.170101,7.641969,-0.770719
m07_s02_e08_positions.txt.gz,m07,s02,e08,0,-8.586769,2.920000,4097.741402,26489.614755,1001.103520,292,7286.109006,59409.233498,2003.824959,174.024823,467.230745,1102.530083,29402.116610,-2.978639,12758.713543,663.748699,4.047213,3.714714,2.384410
m07_s02_e09_positions.txt.gz,m07,s02,e09,0,-8.697390,3.030000,3962.030077,25583.467415,989.374534,303,5999.114026,51329.051533,1873.922522,197.576521,468.576252,1110.068289,27491.724927,-3.188203,10063.852866,641.886410,-1.857387,1.053643,0.684297
m07_s02_e10_positions.txt.gz,m07,s02,e10,0,-8.834536,2.830000,4345.073973,29962.000563,1083.173153,283,7053.067274,129875.716014,1962.475530,170.598089,470.575826,1141.729953,34160.152921,-3.112757,16407.149961,652.657997,2.958332,1.877032,-5.484897
m07_s03_e01_positions.txt.gz,m07,s03,e01,0,-8.836227,3.250000,2783.320173,18168.144453,854.010407,325,4946.552568,114388.721709,1505.604911,51.488881,439.936743,1065.040707,21313.187320,-3.219753,11143.180912,497.581747,-2.650403,14.257514,-2.418986
m07_s03_e02_positions.txt.gz,m07,s03,e02,0,-8.497701,3.080000,3557.686963,20876.536170,938.823654,308,5990.804201,47584.154143,1824.855667,32.927220,445.397213,1082.510668,23640.399149,-2.986277,11092.281527,566.057492,-0.739903,-3.621983,3.378822
m07_s03_e03_positions.txt.gz,m07,s03,e03,0,-8.768194,3.160000,3344.241774,20264.471002,948.275382,316,5390.391995,91984.920571,1636.704622,42.446402,445.367400,1090.440763,23357.629416,-3.106365,11615.940210,518.797034,4.185244,6.231589,-2.933804
m07_s03_e04_positions.txt.gz,m07,s03,e04,0,-8.537569,3.490000,2716.366853,15755.997570,818.081142,349,6176.947443,59663.471093,1744.119006,56.733183,446.875306,1064.787084,19109.425235,-2.801450,10812.893850,493.306496,0.351847,-0.031097,0.166257
m07_s03_e05_positions.txt.gz,m07,s03,e05,0,-8.455447,3.530000,2810.002608,15129.189847,841.816200,353,4534.138407,43520.478604,1601.185158,88.242646,450.796601,1090.383923,16552.233052,-2.914354,6714.464504,496.619801,2.229838,7.012675,-0.839563
m07_s03_e06_positions.txt.gz,m07,s03,e06,0,-8.804445,3.710000,2562.417482,16382.709102,769.083865,371,6713.755703,53830.569369,1771.403293,67.637191,457.712306,1078.017788,20235.664955,-2.835348,11878.088173,501.231880,-1.856110,-14.437993,1.473915
m07_s03_e07_positions.txt.gz,m07,s03,e07,0,-8.768457,3.430000,2929.532537,17552.090272,855.970209,343,5602.355232,49529.105850,1684.682920,63.864464,458.925885,1091.019228,21262.936882,-3.056158,12001.525400,501.710937,-2.132693,13.650110,-2.232469
m07_s03_e08_positions.txt.gz,m07,s03,e08,0,-8.836565,3.570000,2899.000167,18807.411547,849.570164,357,7037.777749,57583.015064,1862.955649,73.309431,467.032628,1094.813341,22910.569111,-3.027017,13083.403527,522.729460,5.572500,-11.775505,-0.608380
m07_s03_e09_positions.txt.gz,m07,s03,e09,0,-8.787164,3.460000,3064.615866,17876.417621,861.332338,346,7686.539634,64205.193263,1768.745190,64.139239,425.893366,1100.517433,22241.268105,-2.979938,13232.826604,534.813846,-0.852099,-4.840096,5.000363
m07_s03_e10_positions.txt.gz,m07,s03,e10,0,-8.994806,3.340000,3226.726702,21486.439620,850.796091,334,6051.785558,76852.359315,1652.311512,69.679561,438.177397,1070.466210,24303.539744,-3.153823,11357.594663,585.743082,3.088429,10.594502,-2.441531
m07_s04_e01_positions.txt.gz,m07,s04,e01,0,-8.608420,2.460000,6099.724062,38819.402364,1344.653475,246,8576.368393,130491.754688,2227.533910,74.780686,540.880753,1125.654062,42728.372181,-2.715234,17854.069264,661.181564,5.719932,3.967491,0.570149
m07_s04_e02_positions.txt.gz,m07,s04,e02,0,-8.899347,2.170000,8421.108010,69285.050144,1516.868701,217,18641.613066,220015.607652,3297.881464,120.302404,531.702653,1117.785154,88310.876376,-2.631415,54757.581328,884.620935,0.011811,3.239228,-4.736287
m07_s04_e03_positions.txt.gz,m07,s04,e03,0,-8.630445,2.150000,7999.392681,59057.338555,1548.470017,215,13279.114119,142232.491304,2780.062620,87.131400,552.896585,1115.307419,65989.398532,-2.669386,29442.001993,773.287317,3.078320,-2.585065,-1.299108
m07_s04_e04_positions.txt.gz,m07,s04,e04,0,-8.694693,2.390000,6535.290952,44859.873246,1347.313060,239,10143.914711,172989.704728,2426.224837,84.227705,496.206268,1107.538928,50741.437999,-2.743846,23712.555800,716.927288,-7.665960,2.369015,-0.481884
m07_s04_e05_positions.txt.gz,m07,s04,e05,0,-8.779748,2.370000,7406.753453,54773.262259,1374.255598,237,14689.116430,130225.267114,2930.591462,114.681150,513.034268,1121.778080,64763.588352,-2.762541,34557.374289,891.595657,-8.026543,1.210446,-2.146031
m07_s04_e06_positions.txt.gz,m07,s04,e06,0,-8.798617,2.180000,8497.880936,65890.917139,1481.824696,218,14407.689141,138512.277532,2945.306559,103.176154,511.150064,1121.633053,74480.261540,-2.809055,34723.139225,945.057774,-7.337510,-11.859158,4.290347
m07_s04_e07_positions.txt.gz,m07,s04,e07,0,-8.728263,2.360000,7525.273250,54466.930982,1410.239299,236,14808.377692,144484.770033,2943.677759,108.894182,552.570506,1113.483067,63802.910287,-2.647651,33228.975165,864.232864,13.879796,5.933739,-1.511519
m07_s04_e08_positions.txt.gz,m07,s04,e08,0,-8.963883,2.230000,8710.081885,68185.525608,1476.965427,223,15593.610004,187206.277679,3004.905458,73.122836,526.157337,1120.109770,79772.997876,-2.711659,41406.102059,977.815005,4.017949,1.270643,-0.567964
m07_s04_e09_positions.txt.gz,m07,s04,e09,0,-8.921581,2.330000,8123.719884,63087.127682,1424.604455,233,17259.215550,174273.312203,3180.124884,105.798394,541.510624,1121.490739,77393.960618,-2.688489,44831.233097,960.037738,0.095232,0.745711,0.282929
m07_s04_e10_positions.txt.gz,m07,s04,e10,0,-8.986465,2.330000,8115.076145,64837.438541,1440.213329,233,18342.794484,206570.198190,3306.042936,85.778297,542.870073,1125.471787,83111.407848,-2.536600,51996.275615,938.185969,2.568069,9.185679,4.488306
m07_s05_e01_positions.txt.gz,m07,s05,e01,0,-8.558735,2.170000,6376.218536,46397.704440,1332.291820,217,10996.872620,133339.866263,2397.665923,69.682482,438.616117,1124.510374,54150.778195,-2.955034,27920.598165,731.040220,-18.604833,3.935760,-2.625378
m07_s05_e02_positions.txt.gz,m07,s05,e02,0,-8.728446,2.330000,7067.122404,51513.096030,1480.330926,233,10967.954308,187333.155504,2706.379774,104.930614,570.309105,1187.382092,59801.610124,-3.003793,30374.882894,768.854119,-4.509127,-0.731634,-1.845009
m07_s05_e03_positions.txt.gz,m07,s05,e03,0,-8.837641,2.240000,7326.862968,56222.173776,1523.831546,224,12596.279381,275930.602438,2812.791746,122.229288,568.893177,1182.086987,69636.184008,-3.097666,41088.505680,756.108221,5.092103,-0.959899,9.579998
m07_s05_e04_positions.txt.gz,m07,s05,e04,0,-8.976207,2.220000,7440.858087,58020.860465,1552.305652,222,12067.198238,259080.256771,2580.976158,96.256653,601.709055,1177.341561,69408.562362,-3.087799,38093.677691,707.222511,0.562036,-2.325728,-9.817734
m07_s05_e05_positions.txt.gz,m07,s05,e05,0,-9.073749,2.210000,7392.750732,58969.449704,1583.612234,221,15055.166130,316896.267524,2575.278599,145.731873,636.583502,1205.924484,73210.838414,-3.050469,43386.989558,688.453279,-0.497086,-20.594758,2.583134
m07_s05_e06_positions.txt.gz,m07,s05,e06,0,-9.015917,2.080000,8120.738305,65289.117151,1617.741712,208,14510.672705,294929.037291,2626.111364,113.520614,581.946057,1190.192775,79432.743087,-3.044559,45242.588962,754.294499,8.937649,15.973287,-2.216465
m07_s05_e07_positions.txt.gz,m07,s05,e07,0,-9.091760,2.080000,8380.837268,68420.286835,1695.240658,208,14908.621141,321839.029894,2678.106106,141.864417,638.450165,1190.461725,84136.274965,-2.976108,48965.060138,754.643880,-9.510542,1.427332,-1.430369
m07_s05_e08_positions.txt.gz,m07,s05,e08,0,-9.014034,2.000000,8444.391993,70150.189658,1657.735008,200,17777.721249,380080.751251,2812.646317,127.054297,574.460497,1191.618980,90145.219187,-3.074138,56613.703582,789.855652,34.716349,-30.884844,6.378894
m07_s05_e09_positions.txt.gz,m07,s05,e09,0,-9.036586,2.020000,7879.779189,63553.277826,1612.637924,202,14831.540822,326929.057397,2491.699217,232.743088,554.884101,1178.827006,79567.952170,-2.992639,47875.253420,726.000788,-29.609322,25.624992,-3.294678
m07_s05_e10_positions.txt.gz,m07,s05,e10,0,-8.939833,2.140000,7911.932959,62029.733878,1571.452809,214,14583.194317,318673.332361,2634.079138,124.013170,605.503210,1168.252229,73496.774325,-2.984665,39421.922216,769.520255,-2.167713,-4.093164,-1.903329
m07_s06_e01_positions.txt.gz,m07,s06,e01,0,-8.909464,2.340000,5039.765261,40041.329436,1114.418026,234,11220.153536,255640.463169,2181.578781,83.644546,430.071991,981.821931,52433.950691,-3.305988,33852.786031,694.048095,-14.336075,21.363642,-11.263278
m07_s06_e02_positions.txt.gz,m07,s06,e02,0,-9.119140,2.540000,5205.971685,40756.030305,1038.743613,254,10123.353706,124596.430365,2126.961337,107.342619,391.594275,972.485805,50200.164575,-3.600392,29308.744721,682.984485,-6.475960,7.102383,-4.105919
m07_s06_e03_positions.txt.gz,m07,s06,e03,0,-9.139970,2.570000,5426.923419,44486.969512,1020.918104,257,10440.143188,107675.999570,2270.146245,70.155537,400.162882,977.882087,53195.326652,-3.623683,29165.944546,778.059016,-3.407138,-0.368875,3.992242
m07_s06_e04_positions.txt.gz,m07,s06,e04,0,-9.181713,2.460000,5999.114100,51640.878571,1088.839544,246,11613.735540,174391.340292,2441.278517,115.512303,436.497263,967.140425,62373.228806,-3.561754,34980.556486,800.662223,-3.829140,-9.566474,0.690922
m07_s06_e05_positions.txt.gz,m07,s06,e05,0,-9.152704,2.480000,5526.726541,46224.025325,1072.664058,248,11889.080643,135561.560296,2295.104731,86.499113,429.839471,967.261713,57096.483173,-3.505908,33516.382167,747.561822,3.803105,-0.550046,-2.270892
m07_s06_e06_positions.txt.gz,m07,s06,e06,0,-8.918083,2.380000,5716.151013,45701.513891,1143.288336,238,10415.697035,110446.035368,2159.370381,130.922223,450.508150,981.811618,50815.801035,-3.129382,22217.499025,689.123624,4.471464,8.165797,4.356451
m07_s06_e07_positions.txt.gz,m07,s06,e07,0,-8.846788,2.300000,6343.414639,52931.340844,1191.800082,230,12683.571869,156887.418613,2642.496350,135.594277,438.672535,981.212636,63165.254856,-2.977426,34469.154001,749.630789,8.268198,-1.836624,-0.752029
m07_s06_e08_positions.txt.gz,m07,s06,e08,0,-8.983022,2.300000,6500.077179,53723.565953,1207.018880,230,11207.372319,161936.501944,2405.841487,179.759922,459.068563,990.633334,61562.136527,-3.273491,30061.189516,788.889029,-19.060081,10.514539,-7.683722
m07_s06_e09_positions.txt.gz,m07,s06,e09,0,-9.048803,2.660000,5180.205806,40458.884178,1069.300904,266,10265.705505,114718.504032,2252.683963,93.427022,501.033739,990.661916,47896.118149,-3.452185,25634.290020,697.882330,13.539493,-13.482056,1.229835
m07_s06_e10_positions.txt.gz,m07,s06,e10,0,-9.257697,2.460000,7058.770662,62388.703021,1193.369425,246,13799.320015,138809.589438,2778.610727,83.288044,525.168669,1008.345740,73740.889220,-3.379601,39311.174980,880.206103,3.106080,19.505125,-5.715377
m07_s07_e01_positions.txt.gz,m07,s07,e01,0,-9.240241,2.210000,223.835369,1947.276220,34.105892,221,489.105240,9044.644559,73.746264,23.404995,23.429933,7.192375,2278.475848,-4.364747,1183.033184,20.332669,3.306892,6.806695,-0.947625
m07_s07_e02_positions.txt.gz,m07,s07,e02,0,-9.454555,2.860000,208.628287,1820.004005,37.949970,286,464.220214,8298.631255,89.410854,30.289967,24.026050,7.408305,2088.679579,-3.461065,1024.776955,19.400087,0.176894,0.734337,0.054602
m07_s07_e03_positions.txt.gz,m07,s07,e03,0,-9.555183,2.520000,197.209895,1757.038679,37.758099,252,353.950708,7124.326591,68.778918,25.433870,22.241581,6.286110,2042.848934,-3.415701,1042.135713,13.326287,-0.614348,0.747771,0.182745
m07_s07_e04_positions.txt.gz,m07,s07,e04,0,-9.786954,2.390000,203.167968,1828.686826,38.168618,239,420.128098,7799.104943,60.001466,27.597592,25.592758,9.674335,2166.581647,-3.331978,1161.886622,12.297953,-5.527041,3.816501,-0.129312
m07_s07_e05_positions.txt.gz,m07,s07,e05,0,-9.868827,2.400000,246.283927,2448.394274,40.216544,240,438.450010,7916.571253,70.954199,35.202780,18.382865,10.278158,2652.466028,-2.872893,1020.265411,14.879183,3.370966,-2.093059,-0.772903
m07_s07_e06_positions.txt.gz,m07,s07,e06,0,-9.028840,2.320000,202.913045,1966.335371,42.242922,232,639.661520,11397.888505,99.242757,34.014792,19.418160,10.865286,2564.806687,-3.026502,1646.741798,20.074697,-0.896192,-0.869950,1.528343
m07_s07_e07_positions.txt.gz,m07,s07,e07,0,-10.107897,2.530000,181.671063,1607.340813,33.533862,253,333.216765,7876.183447,49.529567,28.737137,23.507068,7.679247,1927.905668,-3.302139,1064.554263,11.307890,-1.785738,2.354825,0.976728
m07_s07_e08_positions.txt.gz,m07,s07,e08,0,-9.388053,2.520000,206.289832,1788.877482,36.201927,252,466.274368,6734.413570,74.589342,28.055774,26.695736,8.820003,2037.819635,-2.644622,976.025726,20.394762,-0.025241,-3.208769,1.190626
m07_s07_e09_positions.txt.gz,m07,s07,e09,0,-9.454262,2.330000,206.484576,2035.887960,36.497280,233,371.405416,4285.593972,68.046167,28.876299,16.642273,6.903316,2161.407595,-2.444480,725.839519,13.452187,1.164025,-0.470021,-1.082982
m07_s07_e10_positions.txt.gz,m07,s07,e10,0,-7.970109,2.200000,378.601630,3544.726878,70.326608,220,1544.319102,18597.837893,303.720418,66.247092,49.813981,27.083124,5006.418415,-2.771930,3535.411816,72.467013,29.729608,16.039374,12.051667
m07_s08_e01_positions.txt.gz,m07,s08,e01,0,-8.346654,1.740000,7402.726719,59078.319027,1561.221038,174,11869.483765,258116.530579,2540.904215,129.697448,459.876587,1090.045765,71881.525973,-2.831891,40947.600627,706.526982,-24.389424,164.134783,-72.207705
m07_s08_e02_positions.txt.gz,m07,s08,e02,0,-8.663109,1.910000,8915.796993,74631.156600,1643.781019,191,13001.601983,203767.057564,2815.293854,148.200699,480.450665,1110.104426,81122.972589,-2.754930,31798.225519,783.698491,-1.908071,-4.638611,-1.223809
m07_s08_e03_positions.txt.gz,m07,s08,e03,0,-9.055390,1.860000,9469.195926,83365.784150,1697.262397,186,15300.856478,318189.362103,2734.085678,126.938912,474.718058,1104.031878,99746.020447,-2.921950,54766.911800,754.729551,-6.834332,4.956903,-1.838062
m07_s08_e04_positions.txt.gz,m07,s08,e04,0,-9.032865,1.930000,8426.691787,73165.418016,1618.411141,193,14633.358831,330877.590743,2653.353146,122.877633,458.570778,1099.270004,90556.759843,-3.091470,53360.550594,752.765821,7.278340,1.847715,-1.369668
m07_s08_e05_positions.txt.gz,m07,s08,e05,0,-9.062356,1.950000,8101.294940,71024.457279,1600.343985,195,18426.570591,415318.605216,2765.142744,98.178099,463.642253,1098.282027,94304.221347,-3.069570,62038.799409,698.771589,-3.860017,-0.417804,3.230679
m07_s08_e06_positions.txt.gz,m07,s08,e06,0,-9.277026,2.070000,7769.190382,68656.469590,1474.136189,207,21439.586845,467449.471103,2792.419355,142.949317,451.022717,1094.059193,96940.585638,-3.022289,68438.047366,768.365089,11.016344,-4.402437,-0.900118
m07_s08_e07_positions.txt.gz,m07,s08,e07,0,-8.839420,1.970000,8533.250425,72986.516177,1572.292946,197,15420.896387,234512.793746,2921.454667,165.700962,450.657262,1104.585427,87771.907557,-2.918941,48753.217459,768.301980,-8.955640,11.581511,-0.625252
m07_s08_e08_positions.txt.gz,m07,s08,e08,0,-8.987265,2.010000,7864.463214,64634.681487,1522.354943,201,16023.295182,350707.875238,2555.306037,157.332473,454.366600,1095.391207,80206.331756,-2.948923,47491.195003,718.357169,-3.140535,2.104666,3.100794
m07_s08_e09_positions.txt.gz,m07,s08,e09,0,-9.001039,2.010000,7920.175961,65669.143114,1573.217680,201,13254.146854,278939.708400,2466.552021,112.673831,487.941991,1091.721938,77955.528440,-2.955441,42007.476205,666.884092,4.327734,2.212593,-1.215080
m07_s08_e10_positions.txt.gz,m07,s08,e10,0,-9.149103,2.000000,8695.882500,73289.947385,1539.624690,200,16826.384151,372714.529182,2633.687775,129.541702,443.300203,1084.352237,90307.088264,-3.066369,52763.186057,786.485019,-19.036332,-3.589757,-4.351459
m07_s09_e01_positions.txt.gz,m07,s09,e01,0,-8.653707,1.900000,6971.386828,58054.236840,1423.284749,190,13183.163425,297876.064013,2492.603908,107.983346,422.404511,1010.918088,72052.894537,-2.819697,42676.986727,697.308018,2.084118,61.299905,-18.978492
m07_s09_e02_positions.txt.gz,m07,s09,e02,0,-8.984779,2.490000,5502.167815,43092.541903,1137.803728,249,12467.612085,154075.289048,2396.676511,102.815670,406.636838,1005.705716,54491.697831,-3.078654,33352.330726,647.140375,6.969533,6.418995,0.893559
m07_s09_e03_positions.txt.gz,m07,s09,e03,0,-8.796841,2.360000,6010.941135,44504.094148,1213.213290,236,11268.624886,126660.480916,2285.631048,123.985169,434.871611,1007.221744,51268.172421,-2.915148,25452.133652,674.041614,5.357309,-2.252868,2.755127
m07_s09_e04_positions.txt.gz,m07,s09,e04,0,-8.766847,2.310000,6250.533127,45510.007359,1277.132099,231,10556.356046,116078.596582,2257.474574,179.495740,452.421424,1010.703492,51511.190646,-2.835901,24129.691087,648.346043,-5.363209,6.155621,-2.563145
m07_s09_e05_positions.txt.gz,m07,s09,e05,0,-8.748360,2.330000,5700.898417,42887.630509,1111.469243,233,11272.806674,135030.528129,2327.396376,70.793507,411.808910,962.649131,51942.005718,-2.954150,29302.271369,704.754291,8.090969,-0.172235,0.879054
m07_s09_e06_positions.txt.gz,m07,s09,e06,0,-8.608620,2.350000,4914.776305,32973.821091,1067.148027,235,8866.951790,88731.987407,1845.505391,68.959844,399.714704,962.782313,37918.541749,-2.844318,18722.791752,595.386037,-19.374655,-10.155825,-4.212710
m07_s09_e07_positions.txt.gz,m07,s09,e07,0,-8.664909,2.490000,5030.743863,34565.918428,1068.283630,249,7724.613195,85831.837792,2019.177920,109.199585,415.890227,976.062503,39123.400537,-3.046395,18325.876589,651.202813,12.303797,13.201678,0.878169
m07_s09_e08_positions.txt.gz,m07,s09,e08,0,-8.816792,2.380000,5695.506685,41883.192699,1153.915223,238,9813.163425,102390.704643,2122.581488,114.938873,409.644785,992.812135,47483.319307,-2.979348,22371.047845,679.947534,13.472027,0.294381,4.520538
m07_s09_e09_positions.txt.gz,m07,s09,e09,0,-8.900306,2.370000,5917.886102,45498.054182,1164.291686,237,10618.434198,118332.924663,2175.979101,107.698711,412.717296,1002.453749,51075.076311,-2.959049,23207.552345,704.782587,-16.491019,-3.958718,-1.084690
m07_s09_e10_positions.txt.gz,m07,s09,e10,0,-8.946015,2.380000,6278.278622,47809.043081,1187.211876,238,13134.073425,166770.916276,2438.207937,132.061776,398.465171,1018.221158,58184.556442,-2.738917,33162.297991,756.522288,1.712965,1.490934,-3.995395
m07_s10_e01_positions.txt.gz,m07,s10,e01,0,-8.822152,2.090000,387.252336,3346.190597,55.276352,209,923.338741,7489.584861,142.177078,35.634503,21.629592,16.695775,3875.396657,-2.002524,1954.918857,33.771883,-13.441667,1.764699,-5.902541
m07_s10_e02_positions.txt.gz,m07,s10,e02,0,-9.550352,2.330000,271.083220,2535.226564,39.949520,233,567.785895,6193.244376,83.350336,24.959223,21.228424,13.046748,2777.833104,-2.584466,1135.333883,19.004369,-1.564477,-3.308916,-1.259837
m07_s10_e03_positions.txt.gz,m07,s10,e03,0,-9.841572,2.320000,256.304826,2280.613330,38.973525,232,453.788802,6402.253747,62.793930,12.849795,19.881806,9.815557,2436.441460,-2.926866,857.350471,12.516482,2.091602,1.238409,0.745825
m07_s10_e04_positions.txt.gz,m07,s10,e04,0,-9.543983,2.250000,305.395013,2546.922662,46.109429,225,576.338849,4908.158935,80.009536,17.034998,23.418408,10.792353,2801.028646,-2.810272,1165.738577,17.015139,0.526690,-0.686389,-0.549513
m07_s10_e05_positions.txt.gz,m07,s10,e05,0,-9.887643,2.190000,347.818554,3239.923149,45.037888,219,641.306282,7722.015604,83.337199,19.370692,21.673641,8.884138,3607.838710,-2.281139,1587.261208,20.038592,6.542032,1.070044,-1.307236
m07_s10_e06_positions.txt.gz,m07,s10,e06,0,-10.023613,2.380000,256.639305,2555.098186,34.882290,238,534.227252,4790.750167,68.867299,18.361191,15.266116,15.204224,2816.744298,-2.525023,1185.547005,16.558037,-5.487083,1.174006,1.460837
m07_s10_e07_positions.txt.gz,m07,s10,e07,0,-8.955758,2.340000,322.366504,2833.880626,45.715480,234,856.023025,7026.524996,130.742089,20.743861,32.435464,8.772696,3215.953624,-2.231994,1520.354664,32.073245,7.000848,-0.444775,-0.802920
m07_s10_e08_positions.txt.gz,m07,s10,e08,0,-8.841046,2.300000,351.258074,2957.279777,53.976832,230,951.368871,7583.605722,143.700208,33.372072,31.632517,14.687021,3425.109608,-2.176010,1727.967636,34.317791,-4.281469,-0.430334,0.552701
m07_s10_e09_positions.txt.gz,m07,s10,e09,0,-9.521735,2.350000,340.748395,2961.524359,47.414195,235,651.794672,6100.372394,103.521622,28.303277,19.158952,15.236372,3357.745949,-2.366301,1582.349940,26.104798,0.229318,-2.979835,0.388928
m07_s10_e10_positions.txt.gz,m07,s10,e10,0,-9.750533,2.390000,395.727700,3615.854838,52.434893,239,826.804110,6962.616341,111.834680,18.474032,23.206131,12.484287,3965.345744,-2.244556,1627.747112,25.830778,2.590590,2.802110,-2.178117
m08_s01_e01_positions.txt.gz,m08,s01,e01,0,-7.443210,1.600000,2261.079338,17918.430105,561.947583,160,3741.223241,64836.573443,1026.132327,354.260641,267.835052,146.143558,20955.402555,-2.722411,10865.484748,286.759156,40.259231,19.193489,9.389583
m08_s01_e02_positions.txt.gz,m08,s01,e02,0,-7.797077,2.000000,2058.287927,14719.606060,493.779887,200,3512.848467,36119.332702,942.161171,390.226411,265.272366,146.019845,16432.136841,-2.611632,7303.993332,278.289659,10.802616,-22.605417,10.284955
m08_s01_e03_positions.txt.gz,m08,s01,e03,0,-7.667576,1.960000,2178.010241,14831.513349,499.521802,196,3908.377533,45287.328078,1049.412916,373.421319,254.195032,155.077850,17682.970399,-2.739840,9628.792961,298.845831,-8.352954,8.997217,-5.650917
m08_s01_e04_positions.txt.gz,m08,s01,e04,0,-7.581560,2.060000,2047.914088,13469.708985,526.649224,206,4262.763488,58259.659643,1090.688528,404.254707,287.886540,177.544873,16338.596006,-2.472419,9247.521792,292.070841,0.115981,13.720414,-2.242887
m08_s01_e05_positions.txt.gz,m08,s01,e05,0,-7.992459,1.990000,2216.638352,16563.730508,522.927955,199,3689.128188,68721.722470,991.960793,400.771015,279.922981,160.187297,19220.081601,-2.741733,9749.582986,292.321555,12.621485,-13.807590,4.875863
m08_s01_e06_positions.txt.gz,m08,s01,e06,0,-7.716622,2.100000,2153.391852,14137.332285,544.767832,210,4120.642784,37951.335761,1017.861117,425.037789,292.554935,192.495737,15849.031746,-2.706136,7164.331312,306.991275,1.876001,12.780519,2.021195
m08_s01_e07_positions.txt.gz,m08,s01,e07,0,-7.748879,2.200000,2058.291756,13778.263273,523.503146,220,3731.378878,52475.659387,1102.716564,435.059063,285.870044,190.068021,16273.370364,-2.631233,8659.217297,294.201731,-2.654794,-9.512096,5.892568
m08_s01_e08_positions.txt.gz,m08,s01,e08,0,-7.808162,2.140000,2273.265337,14090.047194,566.887381,214,3866.429235,46035.131281,1054.495187,456.386229,297.665884,208.052049,16708.777543,-2.748389,8980.747020,317.773195,-3.003944,9.904648,-4.612028
m08_s01_e09_positions.txt.gz,m08,s01,e09,0,-7.813574,2.150000,2349.953558,15421.459666,561.465809,215,3863.145992,44548.617692,1107.144953,434.491156,306.194123,226.752235,17467.981963,-2.684382,8204.204753,340.883217,-6.257734,0.616387,-0.194614
m08_s01_e10_positions.txt.gz,m08,s01,e10,0,-7.895090,2.070000,2598.329577,17133.121950,589.559091,207,4444.848728,42569.971935,1151.543131,429.960161,321.380564,222.880297,20031.874856,-2.833316,10379.409545,362.130147,-5.193276,2.177419,1.557988
m08_s02_e01_positions.txt.gz,m08,s02,e01,0,-7.844713,1.940000,2202.789663,17087.675120,502.050520,194,3793.249382,53234.883426,1015.632236,78.298061,487.158353,147.321888,18988.544152,-2.889007,8281.072877,309.811824,-26.463549,40.898897,-3.088714
m08_s02_e02_positions.txt.gz,m08,s02,e02,0,-8.427496,2.600000,1865.729700,15239.460396,428.304001,260,4695.354279,79655.996478,1192.218247,105.964600,523.371125,167.565701,19226.629830,-3.161236,11722.719031,376.995620,14.621421,16.279677,15.431831
m08_s02_e03_positions.txt.gz,m08,s02,e03,0,-8.667330,2.820000,1887.096352,15342.621044,419.780498,282,3761.903350,52779.984305,1109.148660,81.836202,540.770928,176.953040,17852.657896,-3.217150,9128.054199,341.699786,4.341368,-10.331232,-5.207405
m08_s02_e04_positions.txt.gz,m08,s02,e04,0,-8.037596,2.540000,1963.871868,14057.050787,502.133738,254,3618.253722,47929.596534,1168.207822,80.693939,572.608312,207.583480,16055.035396,-3.024303,7756.512409,363.808469,-7.906977,2.453939,1.290347
m08_s02_e05_positions.txt.gz,m08,s02,e05,0,-8.451797,2.600000,2315.708969,18785.521466,534.728028,260,4755.434215,47558.315030,1354.006856,91.016605,613.762993,240.523040,22102.696413,-2.781366,11646.174135,412.749260,-7.363875,8.247391,7.984389
m08_s02_e06_positions.txt.gz,m08,s02,e06,0,-8.094939,2.290000,2542.697967,19034.833978,607.011915,229,4401.319986,49597.541517,1267.222835,60.011783,615.395229,250.086076,20935.982881,-2.821219,8717.251552,402.175284,12.279245,-10.149887,-12.567580
m08_s02_e07_positions.txt.gz,m08,s02,e07,0,-8.440812,2.480000,2420.428396,20428.505823,519.569582,248,5354.979833,63120.834468,1418.973953,46.414249,574.126366,214.963809,24728.390819,-2.965156,13934.470293,415.988264,-2.914506,-3.276751,5.733767
m08_s02_e08_positions.txt.gz,m08,s02,e08,0,-8.234580,2.450000,2523.471894,19229.483156,582.099581,245,4916.799520,61588.591681,1372.913086,55.989624,638.537798,246.492904,21979.114453,-2.928336,10644.644180,432.462260,-9.679750,12.266444,8.412800
m08_s02_e09_positions.txt.gz,m08,s02,e09,0,-8.035383,2.480000,2421.898535,17506.133105,598.978529,248,4608.916423,43323.341368,1411.930325,53.108582,649.680514,251.126426,20090.793463,-2.813500,9857.752566,417.459416,-1.781918,-1.744144,-7.831992
m08_s02_e10_positions.txt.gz,m08,s02,e10,0,-8.375351,2.380000,2727.018758,20543.693208,610.765388,238,5212.401420,69790.420427,1358.574045,57.526002,641.168765,241.352774,24372.619954,-2.985238,13114.163061,428.830060,17.956346,-10.927226,11.528000
m08_s03_e01_positions.txt.gz,m08,s03,e01,0,-8.364500,2.290000,1929.557885,16132.768097,516.291328,229,4370.135342,56775.527748,1021.720759,258.761088,536.128241,220.271395,19315.549792,-3.230000,10621.876354,359.825372,26.867426,65.382503,9.527684
m08_s03_e02_positions.txt.gz,m08,s03,e02,0,-8.767720,2.650000,2065.502971,18158.827717,528.066909,265,5561.858882,45674.483942,1137.671047,246.185615,555.115219,261.388097,21136.551261,-3.000801,10817.151895,364.722844,4.047751,-4.716089,-0.947777
m08_s03_e03_positions.txt.gz,m08,s03,e03,0,-8.344137,2.640000,2194.941741,15048.733967,544.699187,264,4204.463954,35140.243878,1085.704918,260.989275,570.464745,263.227963,16413.917503,-3.066349,6553.799948,395.000153,-1.829534,5.102325,3.785537
m08_s03_e04_positions.txt.gz,m08,s03,e04,0,-8.541168,2.630000,2137.947220,17234.043140,545.006723,263,5352.023150,54747.119638,1241.521897,245.620392,580.408890,246.829032,20831.078737,-2.740115,11701.350280,377.550223,5.244453,6.160026,10.542408
m08_s03_e05_positions.txt.gz,m08,s03,e05,0,-8.323701,2.610000,2182.911842,15977.175123,539.762119,261,4766.456059,37942.367137,1196.112428,251.625252,573.898447,232.162299,18208.743176,-3.023439,8734.311831,385.335032,-6.531038,-7.902116,-5.857723
m08_s03_e06_positions.txt.gz,m08,s03,e06,0,-8.778333,2.540000,2433.834707,21099.036794,567.961045,254,5894.136366,54013.268168,1248.607621,280.214793,555.223009,265.148642,24852.272966,-2.968589,13132.635606,419.924243,1.946815,-1.513117,-11.469217
m08_s03_e07_positions.txt.gz,m08,s03,e07,0,-8.674277,2.530000,2284.389485,20347.124227,554.539124,253,5659.276216,51263.848833,1214.200852,270.825144,549.421852,264.503004,23078.368770,-2.761057,10890.621689,383.076651,0.038045,-7.336060,2.471756
m08_s03_e08_positions.txt.gz,m08,s03,e08,0,-8.645377,2.630000,2064.463026,17394.159080,514.646404,263,4236.015019,36529.588921,1099.071815,251.093592,533.411097,252.434415,19427.286406,-2.880856,8652.322636,356.135540,-1.388382,6.083580,0.881620
m08_s03_e09_positions.txt.gz,m08,s03,e09,0,-8.463500,2.560000,1897.287893,14499.644663,529.556392,256,3679.743035,30399.563272,955.693131,234.120833,542.660337,261.282144,16061.426723,-2.801195,6908.670858,328.546025,-3.502102,4.340338,-5.809037
m08_s03_e10_positions.txt.gz,m08,s03,e10,0,-8.762018,2.650000,2137.988186,17964.641416,517.034373,265,6477.735866,52897.032281,1169.358072,222.277665,546.328666,272.899958,21663.402504,-2.980740,12106.802502,398.058736,-11.828833,-3.400284,2.086906
m08_s04_e01_positions.txt.gz,m08,s04,e01,0,-7.607924,1.870000,3060.279716,22628.795690,768.130564,187,5780.220892,57887.356859,1471.633235,288.907332,590.762771,328.545734,25827.177566,-2.570599,12449.124732,416.902209,30.757947,73.310420,16.911759
m08_s04_e02_positions.txt.gz,m08,s04,e02,0,-8.287793,2.050000,3982.493303,31715.335192,771.364666,205,6935.639112,64396.200878,1618.599389,329.031787,601.468678,300.623922,34768.023409,-2.689438,14246.156163,550.104533,11.456030,14.233681,9.353624
m08_s04_e03_positions.txt.gz,m08,s04,e03,0,-8.353801,2.090000,3732.671026,29654.699590,714.171488,209,6350.210651,65294.403748,1558.486842,334.830941,570.420649,262.067733,33611.542557,-2.823823,15821.965279,538.178038,-0.711080,-18.551462,-9.252381
m08_s04_e04_positions.txt.gz,m08,s04,e04,0,-8.426701,2.160000,3951.703002,32737.407854,723.970712,216,7645.280475,80123.830971,1853.863505,348.709822,563.180124,317.981897,39466.799424,-2.638238,22042.921400,590.942806,-8.506417,-8.242387,-4.315762
m08_s04_e05_positions.txt.gz,m08,s04,e05,0,-8.026601,1.970000,4040.635424,28756.978702,790.176334,197,7495.791594,72473.491657,1648.573373,320.160632,559.366248,327.251558,32988.550677,-2.600497,16164.178038,538.364822,-4.921482,3.639290,-1.865373
m08_s04_e06_positions.txt.gz,m08,s04,e06,0,-8.199853,1.990000,3855.198502,28945.344508,678.548093,199,6839.691438,58392.775880,1543.375000,284.242094,515.119324,240.940327,33171.667135,-2.535824,16202.670515,537.196107,10.101398,5.168326,5.880381
m08_s04_e07_positions.txt.gz,m08,s04,e07,0,-8.244752,2.230000,3538.568787,26191.328758,716.828524,223,8238.146069,54566.475922,1594.397726,342.530783,570.614232,333.485000,29543.669068,-2.346030,13669.040926,541.670046,-8.927382,-4.075310,-1.359681
m08_s04_e08_positions.txt.gz,m08,s04,e08,0,-8.016456,1.920000,4517.619426,32616.794305,868.285640,192,8665.653759,67009.572478,1710.138657,322.607375,592.046178,371.369402,35385.939537,-2.495299,13722.588904,580.984799,5.634124,-2.549703,-1.803207
m08_s04_e09_positions.txt.gz,m08,s04,e09,0,-8.165134,2.350000,3524.966261,23815.845457,741.618641,235,7037.219928,61854.777951,1686.153263,313.599454,598.487421,410.105643,27754.386374,-2.458961,14251.718077,547.893988,-3.320352,0.545179,-3.324109
m08_s04_e10_positions.txt.gz,m08,s04,e10,0,-8.205548,2.000000,4547.700243,35060.468102,818.463803,200,8310.132072,96618.951715,1975.010666,266.522925,577.278366,392.313285,42250.965600,-2.527318,23577.694345,610.140846,-13.123832,-1.212138,0.443886
m08_s05_e01_positions.txt.gz,m08,s05,e01,0,-7.716128,1.870000,2651.794608,22130.148069,635.207215,187,4597.895629,41440.979718,1278.271488,366.672696,530.068459,248.714975,23680.810038,-2.773755,8428.363452,393.108212,95.160024,128.193954,29.161288
m08_s05_e02_positions.txt.gz,m08,s05,e02,0,-8.102610,2.250000,2966.074613,20907.026752,646.621137,225,4399.418029,39830.992597,1325.028286,417.371513,490.730942,235.893256,22563.719790,-2.687067,8486.323301,413.587039,24.416491,2.136728,9.754963
m08_s05_e03_positions.txt.gz,m08,s05,e03,0,-8.096638,2.470000,2579.448195,17243.496919,634.221112,247,4442.689659,41385.883102,1326.037505,457.648672,498.253610,259.959841,19573.703914,-2.634443,9262.380845,390.357672,-7.994442,-7.520599,-11.041733
m08_s05_e04_positions.txt.gz,m08,s05,e04,0,-7.890929,2.250000,3003.895077,18485.891750,700.437270,225,4642.145699,38637.956611,1340.290564,462.223787,507.344470,277.561350,20531.406801,-2.479228,8933.670658,415.516459,-3.720696,-8.267278,4.749379
m08_s05_e05_positions.txt.gz,m08,s05,e05,0,-8.153147,2.440000,2228.659163,15498.816196,572.931642,244,3488.987036,39096.944741,1126.075161,406.475773,445.194910,256.061144,17414.697733,-2.709164,7940.931536,353.357750,-3.921453,-6.065363,-5.964325
m08_s05_e06_positions.txt.gz,m08,s05,e06,0,-7.935244,2.160000,3304.324930,22847.323180,763.454518,216,5130.008371,66271.263837,1565.464289,442.383217,551.140885,306.048478,26066.267068,-2.624263,12547.912271,441.541256,-2.341297,16.086561,4.807573
m08_s05_e07_positions.txt.gz,m08,s05,e07,0,-8.141021,2.310000,2658.218875,16873.358702,722.967649,231,4373.291024,70154.799304,1185.870489,418.297278,554.273100,337.469807,19788.806192,-2.611963,10338.598388,336.430205,-12.024013,7.691687,1.140369
m08_s05_e08_positions.txt.gz,m08,s05,e08,0,-8.193330,2.240000,2875.698609,19843.349713,757.315139,224,5198.792347,70716.178461,1273.256952,423.863051,571.820445,333.093050,22840.366715,-2.610712,11310.341455,351.595678,22.145753,-4.209565,3.303986
m08_s05_e09_positions.txt.gz,m08,s05,e09,0,-8.168423,2.130000,3525.482013,25257.339141,799.504053,213,5262.640039,79010.847935,1509.066772,486.648954,542.767281,293.519907,28832.983783,-2.644416,13907.112329,425.050017,21.649356,3.598309,14.946376
m08_s05_e10_positions.txt.gz,m08,s05,e10,0,-8.339263,2.250000,2996.535622,23509.477194,741.619234,225,4568.147839,81217.496749,1379.223650,492.340877,550.881950,309.312319,26436.792703,-2.784939,12091.670293,406.821030,-35.824354,-23.720834,-19.068516
m08_s06_e01_positions.txt.gz,m08,s06,e01,0,-8.288724,1.590000,3161.902731,32306.412922,624.851374,159,6593.650415,110598.186368,1141.024110,44.124311,514.716019,99.017760,35898.208083,-3.107054,15651.742000,366.769588,-6.007142,67.555108,25.236328
m08_s06_e02_positions.txt.gz,m08,s06,e02,0,-8.567830,2.140000,2651.919375,24256.231398,525.736005,214,5473.791788,83331.918536,1201.045169,52.738395,539.019536,118.096923,27823.979251,-3.135563,13631.179689,393.325749,18.566655,-12.242838,-5.237340
m08_s06_e03_positions.txt.gz,m08,s06,e03,0,-8.558456,2.240000,2687.766969,23752.236190,517.595446,224,5250.705595,87430.755682,1263.920537,64.604248,547.081863,100.569008,27214.032204,-3.394477,13282.877128,398.627814,-3.668049,22.775124,18.957875
m08_s06_e04_positions.txt.gz,m08,s06,e04,0,-8.759152,2.310000,2765.804708,24927.531843,514.690851,231,7873.249405,73882.652855,1294.028656,93.945916,558.315157,97.678324,29413.839648,-3.322123,15613.843827,411.952311,-3.195069,-21.368558,-16.301480
m08_s06_e05_positions.txt.gz,m08,s06,e05,0,-8.853965,2.360000,2458.649307,22486.159646,463.682541,236,5353.584145,70491.280603,1092.672366,99.126651,500.358029,94.540646,25219.469149,-3.456653,11419.030105,382.603499,6.297819,4.920973,4.931900
m08_s06_e06_positions.txt.gz,m08,s06,e06,0,-8.533133,2.180000,2615.257782,22338.538200,520.991520,218,6772.981334,58599.726660,1158.955033,99.088059,512.860140,96.697529,25664.222224,-3.160460,12634.952055,378.861179,1.157101,0.431931,1.734509
m08_s06_e07_positions.txt.gz,m08,s06,e07,0,-8.849896,2.260000,2828.236339,25524.351037,526.926312,226,7311.258283,80248.154200,1235.585549,82.331947,546.707990,125.998000,30369.703712,-3.469877,16456.804296,428.941757,6.170036,6.430704,1.059080
m08_s06_e08_positions.txt.gz,m08,s06,e08,0,-8.652356,2.170000,2662.618170,26127.656753,538.672563,217,8444.959436,76971.040810,1376.140290,118.655348,556.021751,124.334064,32569.299736,-2.869792,19444.918048,384.364494,6.594813,-29.940567,-5.992446
m08_s06_e09_positions.txt.gz,m08,s06,e09,0,-8.574760,2.300000,2325.933690,19094.889772,479.274780,230,4635.846254,77031.931515,1092.749458,97.666780,539.682161,112.101884,22798.921630,-3.618595,12456.966408,380.356323,-9.240785,31.677029,10.769640
m08_s06_e10_positions.txt.gz,m08,s06,e10,0,-8.556815,2.560000,1978.522618,16044.633122,468.162429,256,6032.107191,60757.921845,1133.209537,102.351718,565.103878,130.330138,19954.414131,-3.065050,11863.742717,344.023937,-15.306449,-26.523105,-17.307461
m08_s07_e01_positions.txt.gz,m08,s07,e01,0,-7.951411,2.350000,169.656213,1073.082288,31.929961,235,412.330938,3310.955841,90.288608,30.979653,16.217994,5.808715,1335.543928,-2.589055,795.092438,25.086399,2.895804,1.167811,2.029824
m08_s07_e02_positions.txt.gz,m08,s07,e02,0,-8.773589,2.280000,218.642639,1782.695826,33.273540,228,686.281869,10734.520004,103.297399,24.494630,19.987406,7.703041,2411.836383,-2.829046,1624.484634,24.275125,1.206070,-6.471238,2.696706
m08_s07_e03_positions.txt.gz,m08,s07,e03,0,-8.685398,2.550000,228.590110,1786.385194,44.818625,255,663.810223,5217.605213,115.697713,39.284086,32.758292,4.124250,2185.368579,-3.393121,1258.834289,26.503637,1.006324,-4.700261,-1.666057
m08_s07_e04_positions.txt.gz,m08,s07,e04,0,-8.763384,2.410000,240.501983,2252.080526,38.525759,241,860.745570,7893.279435,130.592853,40.613771,15.744950,9.392037,2791.506208,-2.657564,1649.436331,35.145167,5.387574,5.342561,0.323288
m08_s07_e05_positions.txt.gz,m08,s07,e05,0,-9.032473,2.410000,277.364571,2305.994927,38.023464,241,633.830332,11837.351299,116.458993,36.324791,13.619979,5.415752,2847.895779,-3.443005,1671.196507,27.388152,5.204873,-2.412995,0.674264
m08_s07_e06_positions.txt.gz,m08,s07,e06,0,-8.589571,2.320000,242.101702,1905.377382,46.748145,232,685.453588,5984.447768,115.622740,42.432173,27.946148,8.783094,2398.904356,-2.948012,1457.490700,29.923307,-7.188429,9.166824,0.330918
m08_s07_e07_positions.txt.gz,m08,s07,e07,0,-9.219532,2.430000,183.985108,1642.481640,32.097172,243,434.927849,7921.539890,74.688235,25.689574,18.401559,5.728067,1980.791203,-2.797467,1107.153040,14.867116,0.608901,-1.940679,-1.689927
m08_s07_e08_positions.txt.gz,m08,s07,e08,0,-8.587751,2.270000,161.563105,1421.772304,29.714674,227,540.546826,4952.982801,85.216688,24.002437,18.131504,6.954587,1825.123429,-2.151503,1144.394621,19.655107,0.323515,-2.844565,0.367208
m08_s07_e09_positions.txt.gz,m08,s07,e09,0,-8.678663,2.350000,226.858512,1931.643013,36.195081,235,538.641732,7755.015969,105.941153,33.378153,21.232605,7.247138,2254.293824,-2.549878,1162.151418,24.725161,3.130339,0.412646,0.707827
m08_s07_e10_positions.txt.gz,m08,s07,e10,0,-8.646016,2.250000,220.498454,1742.424890,39.661821,225,790.187232,15168.500503,118.833415,32.239579,30.920917,9.864488,2655.359233,-3.566044,2003.718582,29.580027,-3.200417,-6.331894,0.747675
m08_s08_e01_positions.txt.gz,m08,s08,e01,0,-6.800541,1.170000,2924.151928,23144.041259,576.383188,117,4785.713826,56901.464537,1077.559056,102.762277,421.928959,83.735991,25520.019242,-2.293225,10752.894323,329.954903,27.179068,198.225733,8.367637
m08_s08_e02_positions.txt.gz,m08,s08,e02,0,-7.658985,1.840000,2530.377895,17814.755498,528.921856,184,4154.523948,36371.886060,1079.741186,125.405444,444.993990,111.523448,19916.834473,-2.587398,8905.884682,339.372487,5.356562,-3.624364,3.336500
m08_s08_e03_positions.txt.gz,m08,s08,e03,0,-7.510175,1.820000,2417.646758,15817.331685,512.316792,182,4461.488260,34957.086341,1007.152125,148.619425,425.091035,88.769535,17530.797647,-2.460878,7559.158981,330.612582,-6.116510,5.911361,-1.904526
m08_s08_e04_positions.txt.gz,m08,s08,e04,0,-7.515281,1.830000,2640.757941,17811.037952,536.060390,183,4148.494056,36564.664742,1129.814607,147.354791,447.868968,107.285433,19554.790311,-2.535675,8071.973192,362.086973,17.387394,7.000206,0.534649
m08_s08_e05_positions.txt.gz,m08,s08,e05,0,-7.582059,1.880000,2592.200692,17400.620599,576.167544,188,5242.820426,50906.384343,1119.534706,174.225673,478.865749,132.464401,19240.841064,-2.510210,8211.477800,359.263112,1.452231,1.856105,1.468543
m08_s08_e06_positions.txt.gz,m08,s08,e06,0,-7.472127,1.860000,2721.830784,17900.007488,583.392275,186,4265.810685,40113.965077,1224.781391,187.296633,482.873171,123.077110,20246.081702,-2.539746,9460.103392,372.672277,3.228265,6.934827,3.518391
m08_s08_e07_positions.txt.gz,m08,s08,e07,0,-7.672511,1.860000,2741.197808,19237.446583,555.487837,186,5295.652164,35104.156955,1149.660717,179.724265,492.427114,141.972972,21007.043262,-2.520779,8438.987828,390.348487,-34.658590,-44.008471,-14.923493
m08_s08_e08_positions.txt.gz,m08,s08,e08,0,-7.678565,1.820000,2952.169468,20473.268003,593.065336,182,6489.960299,36959.555338,1191.833475,112.249735,496.361308,182.387503,22567.722985,-2.446962,9494.599414,411.528477,7.055283,22.726250,1.368348
m08_s08_e09_positions.txt.gz,m08,s08,e09,0,-7.602775,1.840000,2697.699163,18600.084979,561.654682,184,4912.169428,35407.319322,1135.454524,142.129321,467.102294,139.193158,20364.076754,-2.603883,8290.504254,370.335559,11.505051,9.447608,2.393295
m08_s08_e10_positions.txt.gz,m08,s08,e10,0,-7.403760,1.470000,2944.812320,23307.518554,648.922247,147,5974.748084,78168.688166,1178.885130,138.296199,474.112242,139.832635,26804.118027,-2.551187,13237.081328,389.092185,-8.096037,-72.324510,-2.582767
m08_s09_e01_positions.txt.gz,m08,s09,e01,0,-8.018998,1.950000,3460.613003,25814.710820,752.609855,195,5629.902762,100789.858544,1474.029505,288.637592,557.161236,298.442931,29837.166255,-2.668639,14961.858020,412.232557,7.181438,22.290435,5.794893
m08_s09_e02_positions.txt.gz,m08,s09,e02,0,-8.206154,2.430000,2243.614247,15409.209890,593.998289,243,3874.652252,45206.040496,1057.272347,275.657964,534.191753,284.560887,16893.557725,-2.856957,6924.488657,338.535549,0.064058,2.027830,0.111271
m08_s09_e03_positions.txt.gz,m08,s09,e03,0,-8.443426,2.360000,2605.289397,19425.033972,631.790877,236,5257.889087,68280.795890,1174.771064,292.042794,536.651083,303.386178,22082.689696,-2.754718,10503.010968,382.922923,-0.030922,-3.264048,-3.142438
m08_s09_e04_positions.txt.gz,m08,s09,e04,0,-8.468800,2.300000,2471.266586,18337.054455,628.188913,230,4455.288205,77270.110362,1058.243687,342.747107,523.995131,263.622345,20939.704715,-2.795210,10110.572063,353.779632,26.824208,0.145843,11.148260
m08_s09_e05_positions.txt.gz,m08,s09,e05,0,-8.198285,2.290000,2354.293867,16032.050405,626.054128,229,4587.372119,78053.219667,1108.808236,420.106323,471.986835,217.095222,19290.265720,-2.670439,10727.894078,315.327730,1.184741,3.495696,4.839152
m08_s09_e06_positions.txt.gz,m08,s09,e06,0,-8.900435,2.550000,2169.372733,19772.299756,568.306085,255,5476.006287,55527.069262,1138.438792,431.431241,480.876277,230.542027,23944.420362,-2.687292,13505.237089,314.863500,-5.257347,-11.203644,-8.104958
m08_s09_e07_positions.txt.gz,m08,s09,e07,0,-8.204664,2.370000,2341.076210,16001.691393,600.605356,237,3685.011206,49418.800117,1070.124359,395.710074,513.867893,215.755224,17739.107914,-2.852312,7656.488890,354.004694,5.065316,22.424292,13.334708
m08_s09_e08_positions.txt.gz,m08,s09,e08,0,-9.019078,2.370000,2326.512611,22182.241136,557.075106,237,5736.307408,60544.957317,1066.576458,380.999451,483.308561,162.729221,26566.684934,-2.905914,14619.744407,324.284945,-11.483535,-17.085405,-11.440629
m08_s09_e09_positions.txt.gz,m08,s09,e09,0,-8.380379,2.260000,2524.951158,19406.656846,592.271047,226,4312.701485,51463.817576,1089.594922,356.980764,485.652345,201.338827,21177.691564,-2.844338,8477.988561,369.400100,5.335725,9.382849,1.506057
m08_s09_e10_positions.txt.gz,m08,s09,e10,0,-8.293272,2.070000,2782.029420,21466.822463,646.548034,207,5394.863630,90029.527555,1181.246228,427.142493,448.706317,187.184982,25075.298919,-2.909701,12959.403892,384.026131,-8.066479,-19.497433,-11.795191
m08_s10_e01_positions.txt.gz,m08,s10,e01,0,-7.804576,1.520000,180.542873,1495.368375,35.086936,152,370.690331,6794.012612,67.241440,25.098450,18.770672,6.342386,1776.698751,-2.574483,959.443523,18.068633,-10.607975,-8.090005,4.304700
m08_s10_e02_positions.txt.gz,m08,s10,e02,0,-8.088050,1.850000,113.522763,856.048218,25.722300,185,221.119806,4370.320367,44.969776,19.447777,20.681984,10.301171,1019.672694,-2.525627,553.998061,11.186594,8.796812,6.894816,-4.800576
m08_s10_e03_positions.txt.gz,m08,s10,e03,0,-8.026537,1.800000,96.310708,692.740466,19.212362,180,154.430094,2421.378460,34.492475,9.025649,13.907388,4.724379,790.234500,-2.118260,380.238361,7.608374,-1.320115,1.771215,-0.393427
m08_s10_e04_positions.txt.gz,m08,s10,e04,0,-8.300283,1.870000,150.299754,1209.028318,31.395185,187,310.627601,3439.436232,55.229665,22.995368,17.500246,11.900445,1370.230125,-2.530921,644.810918,10.842425,-7.503480,-9.424499,5.050910
m08_s10_e05_positions.txt.gz,m08,s10,e05,0,-8.111449,1.830000,152.228367,1165.751716,31.273055,183,314.623181,4767.067695,57.389608,19.438187,16.972443,14.349938,1338.244321,-2.527028,657.206817,13.298514,0.904331,6.285145,-3.244841
m08_s10_e06_positions.txt.gz,m08,s10,e06,0,-8.133568,1.840000,205.691399,1454.942975,37.313928,184,412.738648,5175.432157,73.792843,16.224140,22.964571,9.591911,1725.716289,-2.281180,928.028906,15.345224,4.805220,4.880234,-1.969893
m08_s10_e07_positions.txt.gz,m08,s10,e07,0,-7.921728,1.840000,152.958143,1106.833828,28.858215,184,306.129113,2594.946365,58.003903,21.010243,19.610577,5.558706,1220.146343,-2.299131,513.493891,16.639860,-7.405060,-5.607346,2.504971
m08_s10_e08_positions.txt.gz,m08,s10,e08,0,-8.334925,1.880000,190.446727,1489.615632,37.288887,188,370.831858,6929.452678,73.107443,29.532334,27.892511,11.466346,1830.757706,-2.527174,1064.292745,19.276908,11.039296,-14.758111,2.156153
m08_s10_e09_positions.txt.gz,m08,s10,e09,0,-9.131127,1.840000,197.649483,1714.709098,34.461209,184,328.616600,7201.393912,51.515794,15.744210,23.977071,11.325686,1983.868092,-2.915702,997.750126,8.577138,-5.290587,13.061115,-2.423099
m08_s10_e10_positions.txt.gz,m08,s10,e10,0,-8.767255,2.100000,168.522062,1517.653157,30.079327,210,423.999491,8912.374415,81.573878,26.200693,15.381185,10.079926,2147.866690,-4.001939,1519.888224,18.012917,-11.475601,-4.350712,1.554545
m09_s01_e01_positions.txt.gz,m09,s01,e01,0,-9.264191,2.760000,1217.725780,11515.997618,353.169269,276,2192.394507,46221.413759,571.864541,389.392580,70.186754,195.799796,12812.181355,-3.201096,5615.495520,170.836508,14.412545,7.317642,-25.864931
m09_s01_e02_positions.txt.gz,m09,s01,e02,0,-9.531731,3.020000,1434.045838,13444.479919,346.306646,302,4187.638484,49815.429725,768.324442,394.149355,59.282397,217.168744,17191.875984,-3.341911,10714.782292,213.075135,-4.706578,-7.711085,-8.356624
m09_s01_e03_positions.txt.gz,m09,s01,e03,0,-9.159670,2.640000,1864.504049,16880.839549,397.021053,264,5026.684007,54683.039496,872.010482,390.080877,45.558022,216.635348,19820.420087,-3.241583,10386.833423,253.888854,0.055430,-5.329827,8.142364
m09_s01_e04_positions.txt.gz,m09,s01,e04,0,-9.390521,2.930000,1384.713177,12819.977888,346.433040,293,3576.886158,39195.614543,681.837365,396.577523,60.440606,198.438166,14876.649145,-3.377781,7547.374162,192.447293,8.444783,7.681620,0.835373
m09_s01_e05_positions.txt.gz,m09,s01,e05,0,-9.290200,2.890000,1530.109135,13736.144672,339.330599,289,3885.866178,38862.178582,763.630813,374.392618,74.143566,196.269108,16176.254481,-3.241518,8543.391514,241.887226,-3.566242,-6.656275,2.763330
m09_s01_e06_positions.txt.gz,m09,s01,e06,0,-9.119433,2.710000,1827.111318,15590.284137,394.064377,271,4969.803443,51652.525133,865.028982,406.113265,84.119174,205.832564,18528.337352,-3.179655,10012.108946,270.255537,4.973274,9.606332,-3.759376
m09_s01_e07_positions.txt.gz,m09,s01,e07,0,-9.189867,2.980000,1300.230085,11877.261248,330.491244,298,3875.963137,37334.174095,718.651860,380.937217,61.081683,189.403984,13827.654150,-3.344851,7080.585042,204.425021,-3.610430,-3.318023,4.903414
m09_s01_e08_positions.txt.gz,m09,s01,e08,0,-9.082398,2.870000,1514.083708,12706.362006,359.627190,287,4079.711790,37438.272262,749.393822,400.572704,80.649072,192.625946,14457.888991,-3.191966,6897.747359,229.387289,3.069404,5.749067,-0.263959
m09_s01_e09_positions.txt.gz,m09,s01,e09,0,-9.278195,2.930000,1516.739208,12902.433942,368.280864,293,4771.037099,54397.481837,794.288629,399.728291,81.284271,191.493682,16383.676503,-3.291515,10097.130985,219.515481,-2.750770,-5.192660,4.085895
m09_s01_e10_positions.txt.gz,m09,s01,e10,0,-9.572241,2.890000,1511.871342,14382.013549,355.742785,289,3638.635556,39548.427403,703.468523,402.348536,66.914224,169.059594,17158.671125,-3.393165,9358.294773,213.522691,2.299203,-0.428310,3.403163
m09_s02_e01_positions.txt.gz,m09,s02,e01,0,-8.314080,1.740000,2198.390834,18759.545962,436.906858,174,3956.998762,68070.560412,758.503693,205.904862,44.642311,305.928959,21111.226003,-2.903539,9683.145080,252.831508,-38.749983,21.505424,14.730394
m09_s02_e02_positions.txt.gz,m09,s02,e02,0,-9.672874,3.060000,1216.207211,11954.130311,218.286626,306,3454.393064,43992.059857,666.543253,223.164147,46.294371,223.627889,15692.210059,-3.318197,10165.836170,235.590582,11.983107,-5.204461,-6.104268
m09_s02_e03_positions.txt.gz,m09,s02,e03,0,-8.957336,2.380000,1448.578926,13264.857984,291.493262,238,3446.709152,43726.292449,677.103172,243.798687,36.339232,227.719268,16249.885255,-3.207162,9386.283262,226.550591,-14.740855,-2.182691,4.590561
m09_s02_e04_positions.txt.gz,m09,s02,e04,0,-8.686984,2.460000,1651.644649,13307.173204,348.410502,246,3140.513713,35434.547180,766.307918,230.921346,32.896027,310.882241,15288.158677,-2.840727,7526.415949,258.510858,12.204945,-4.453789,-5.249500
m09_s02_e05_positions.txt.gz,m09,s02,e05,0,-8.952437,2.310000,1653.599536,14950.841209,320.354062,231,3891.215797,42567.624503,717.210111,252.282422,36.550090,244.841514,17956.655642,-3.358635,9945.543173,258.496438,-1.673577,7.017510,7.486560
m09_s02_e06_positions.txt.gz,m09,s02,e06,0,-9.106810,2.300000,1776.163098,16489.655373,330.495764,230,3868.286719,48929.699363,745.757552,253.890490,37.793528,245.924333,20301.335491,-3.279641,11842.106587,272.808841,-3.232562,1.864931,4.542505
m09_s02_e07_positions.txt.gz,m09,s02,e07,0,-8.961115,2.420000,1593.251665,13882.499284,326.629650,242,4081.624138,50539.339779,747.702917,260.938184,61.963150,273.350318,17534.256254,-3.180087,10711.038979,263.252849,-5.663450,10.338787,14.779269
m09_s02_e08_positions.txt.gz,m09,s02,e08,0,-8.873423,2.390000,1752.559629,15308.010828,347.346867,239,3716.014620,43247.899815,805.835285,269.705867,64.374663,295.272468,18428.451871,-3.079150,10260.245750,275.887914,9.600868,-5.966523,-20.540141
m09_s02_e09_positions.txt.gz,m09,s02,e09,0,-9.023451,2.380000,1731.823660,16076.120556,317.343910,238,3516.917721,39782.740218,768.015483,248.558784,56.037965,238.263682,19051.188311,-3.129121,10222.823678,272.171429,1.327861,-9.331506,0.918014
m09_s02_e10_positions.txt.gz,m09,s02,e10,0,-9.056847,2.270000,2092.811872,19617.687085,357.734604,227,5121.603989,54270.547735,918.775654,278.570346,29.754269,243.108560,24879.409674,-3.068974,15301.352200,306.614924,-2.329058,3.782294,-3.519001
m09_s03_e01_positions.txt.gz,m09,s03,e01,0,-8.385462,2.230000,1190.536818,9331.192562,301.874169,223,2649.672481,38872.016020,556.857320,253.094010,35.082381,199.759736,11070.484298,-3.251160,5956.884080,172.080347,-24.163853,-3.171050,-6.122110
m09_s03_e02_positions.txt.gz,m09,s03,e02,0,-8.807852,2.510000,1649.435189,13632.270437,316.582902,251,2874.874131,41944.268917,733.339280,271.053749,74.374467,209.893163,15079.783498,-3.296149,6446.787813,252.884938,5.446369,1.928748,-1.354433
m09_s03_e03_positions.txt.gz,m09,s03,e03,0,-8.952808,2.630000,1462.137752,12437.795873,296.025937,263,2588.472284,31992.500996,646.984325,269.664579,74.147327,204.215220,13336.369682,-3.002557,4812.482740,221.036554,6.153888,5.713427,-1.970459
m09_s03_e04_positions.txt.gz,m09,s03,e04,0,-8.809370,2.650000,1231.964359,9946.037249,279.575823,265,2280.342116,35417.441221,604.318362,257.818131,64.807564,191.988252,11463.767614,-2.992789,5700.378142,199.825129,-2.507035,-5.840629,-2.915164
m09_s03_e05_positions.txt.gz,m09,s03,e05,0,-8.770027,2.380000,1594.719675,13248.588024,335.411909,238,3023.046660,53095.694934,693.375059,265.261814,64.819822,221.547742,15152.700727,-3.049484,7353.859849,231.936690,-4.132216,4.236083,7.415078
m09_s03_e06_positions.txt.gz,m09,s03,e06,0,-9.103486,2.660000,1372.168582,11553.552833,302.084090,266,3368.002778,54175.664918,622.858231,263.866161,50.495625,234.153944,13610.175583,-3.168256,7193.906890,220.506074,-0.578297,-5.596152,6.159779
m09_s03_e07_positions.txt.gz,m09,s03,e07,0,-8.994336,2.700000,1333.365927,11143.282422,288.819751,270,2976.857958,47447.439340,641.488958,271.839172,48.265086,219.328570,12978.925909,-3.099087,6654.304967,218.144130,-5.861040,4.179530,-9.659074
m09_s03_e08_positions.txt.gz,m09,s03,e08,0,-8.659127,2.390000,1378.521609,11395.104344,290.746913,239,3193.490928,50441.397965,672.724461,266.695556,43.813511,200.801249,13821.201989,-3.269602,7821.586886,219.927062,25.727742,-0.108272,-7.459985
m09_s03_e09_positions.txt.gz,m09,s03,e09,0,-8.779222,2.510000,1457.724721,11518.810091,292.272708,251,2853.693775,40240.757386,655.002937,236.411433,67.583937,201.651427,13277.502760,-3.343486,6603.718167,219.685054,-1.074999,5.471271,-0.403363
m09_s03_e10_positions.txt.gz,m09,s03,e10,0,-8.892348,2.650000,1416.771826,11622.532519,290.163990,265,3352.585783,47274.889752,695.830252,263.159118,54.105118,208.491224,13758.886882,-3.559386,7363.674767,242.700317,-1.345621,-0.272238,0.807118
m09_s04_e01_positions.txt.gz,m09,s04,e01,0,-7.580443,1.710000,2219.885527,15629.475231,487.057496,171,4075.792979,39687.026715,889.091546,250.036096,33.531821,300.289244,17600.487521,-2.498430,8093.000988,240.127553,-28.428067,1.693970,8.269546
m09_s04_e02_positions.txt.gz,m09,s04,e02,0,-8.069282,2.070000,2301.868295,15840.693940,480.460555,207,4490.637914,43406.880163,1007.585501,255.127786,42.814834,365.573430,19122.674998,-2.424971,10712.101316,275.348632,-3.925500,-6.264197,7.684670
m09_s04_e03_positions.txt.gz,m09,s04,e03,0,-8.062652,2.050000,2472.871892,17298.704481,519.243589,205,4075.275703,41037.030690,1030.083979,259.509915,23.901416,401.397727,19770.810898,-2.587399,9572.867222,293.537201,6.895691,2.395352,-4.289668
m09_s04_e04_positions.txt.gz,m09,s04,e04,0,-8.139493,2.100000,2617.440789,18255.106176,530.298373,210,4021.840210,37441.495879,1066.529681,256.763423,45.789969,406.677439,20516.933104,-2.624923,9364.595159,321.650080,-0.176296,-3.337327,-2.891754
m09_s04_e05_positions.txt.gz,m09,s04,e05,0,-8.307848,2.310000,2437.545579,17655.817830,498.552749,231,4552.426328,41404.758222,1128.628804,278.665388,55.095635,418.238718,20471.961791,-2.578956,10362.109646,321.199668,-7.682827,8.843638,5.092758
m09_s04_e06_positions.txt.gz,m09,s04,e06,0,-8.325371,2.300000,2010.580592,14351.291512,428.400606,230,3653.290871,33068.185408,857.075708,253.205556,26.288162,362.956425,15785.516536,-2.585793,6574.417407,263.938999,16.939303,-2.557681,-6.358777
m09_s04_e07_positions.txt.gz,m09,s04,e07,0,-8.622909,2.210000,2506.524413,18469.477166,464.854335,221,3977.945725,36607.265119,921.166282,257.057441,36.236068,361.262230,20902.129106,-2.763622,9786.593605,307.136055,-15.426428,-5.115005,-2.814005
m09_s04_e08_positions.txt.gz,m09,s04,e08,0,-8.659468,2.170000,2683.576901,21773.625808,502.394250,217,4761.830187,49228.440797,1021.732001,298.356445,55.240613,371.921909,24267.604655,-2.647569,10715.682659,338.074783,-5.400055,1.522400,-6.844753
m09_s04_e09_positions.txt.gz,m09,s04,e09,0,-8.503956,2.430000,2155.213442,15095.911662,444.066781,243,3781.052609,35756.193853,938.539326,267.515178,30.648682,384.949825,17404.179298,-2.519008,8661.345630,304.849833,-3.309741,-3.616238,-3.898988
m09_s04_e10_positions.txt.gz,m09,s04,e10,0,-8.681186,2.410000,2370.380159,16931.423081,520.008015,241,3737.760572,40066.942375,930.563612,303.286777,28.967096,439.488800,19090.450661,-2.751429,8818.855873,277.830964,-12.140547,3.082540,2.134318
m09_s05_e01_positions.txt.gz,m09,s05,e01,0,-8.803178,2.220000,3303.927560,26084.651716,667.170731,222,6432.152079,72606.083288,1218.317224,275.332559,49.465557,533.846690,30048.074012,-2.681030,14915.686262,348.550566,-9.076870,20.187676,-7.857260
m09_s05_e02_positions.txt.gz,m09,s05,e02,0,-8.636328,2.160000,3297.516798,24962.682145,687.471917,216,5495.314886,75826.059731,1245.653966,276.399057,43.694708,520.359789,29449.073265,-2.460644,15624.097297,318.387519,-0.888900,-9.511387,-1.010722
m09_s05_e03_positions.txt.gz,m09,s05,e03,0,-8.974154,2.180000,3572.651284,28793.339551,710.677697,218,5960.052813,84861.319596,1220.774643,322.296878,33.785058,517.726796,33702.611116,-2.596557,17515.981089,318.998633,-12.907179,-6.858135,2.398414
m09_s05_e04_positions.txt.gz,m09,s05,e04,0,-8.703655,2.330000,2964.642330,22449.562413,645.402533,233,6522.702749,72389.468077,1300.419425,312.846244,49.227498,534.784546,28380.778871,-2.451133,17363.345208,314.167402,21.346802,-2.225985,-11.122145
m09_s05_e05_positions.txt.gz,m09,s05,e05,0,-9.168863,2.200000,3171.229854,25383.157277,655.679090,220,5461.290419,96549.220248,1018.925488,295.315155,17.329785,495.062906,30584.517092,-2.361911,17061.887715,266.120638,-10.548903,-3.122375,10.670391
m09_s05_e06_positions.txt.gz,m09,s05,e06,0,-8.756520,2.320000,3323.971231,24907.907063,735.470414,232,6123.511279,78725.542131,1336.129320,314.377016,35.634916,591.728359,30134.969326,-2.288066,16962.091322,324.916045,-7.405879,11.178390,7.206292
m09_s05_e07_positions.txt.gz,m09,s05,e07,0,-8.721651,2.360000,3187.499023,23261.198011,695.359833,236,5531.170316,68743.662616,1223.914325,321.661192,29.860259,567.530331,26440.242589,-2.488286,12569.928212,333.635545,16.685661,-5.544809,-8.117324
m09_s05_e08_positions.txt.gz,m09,s05,e08,0,-8.757626,2.360000,3178.379747,22871.692420,680.778596,236,5327.548917,92760.633515,1225.892799,305.081201,51.740131,584.970132,26963.658903,-2.542429,14280.216638,351.683903,-11.262886,3.470528,7.764444
m09_s05_e09_positions.txt.gz,m09,s05,e09,0,-8.787976,2.390000,3533.972316,26015.851073,762.842157,239,7027.527555,65181.496179,1392.308064,379.068786,42.454408,624.654206,30508.666724,-2.298114,15935.941710,379.053736,-27.583993,3.910657,2.648498
m09_s05_e10_positions.txt.gz,m09,s05,e10,0,-8.533823,2.300000,3916.826470,26819.482284,801.541903,230,6901.553150,70767.371029,1516.648272,358.253633,78.838022,638.205219,31001.973240,-2.385095,15551.132267,413.214960,12.624925,1.982370,7.383730
m09_s06_e01_positions.txt.gz,m09,s06,e01,0,-8.282392,1.580000,3053.473839,29520.711952,524.468205,158,5168.974264,61529.226933,1017.558230,277.040823,26.631654,270.442050,32216.037947,-2.691205,12899.638243,308.323644,-35.147812,-7.891752,4.918913
m09_s06_e02_positions.txt.gz,m09,s06,e02,0,-8.713575,1.750000,2890.838940,26058.879817,493.031271,175,5568.293857,85748.437583,888.087164,283.095271,27.889488,261.610002,29924.526612,-2.852351,14710.950874,302.291001,12.415204,-13.239558,3.150847
m09_s06_e03_positions.txt.gz,m09,s06,e03,0,-8.995424,1.960000,2683.038594,26630.771487,429.193412,196,4533.342177,45412.867291,871.795509,260.561822,37.339260,258.138820,28533.956477,-2.788831,10246.398501,310.962304,-4.185495,-15.394737,-7.381190
m09_s06_e04_positions.txt.gz,m09,s06,e04,0,-8.673146,1.840000,2676.135194,24395.495414,434.885085,184,3996.650316,51844.070920,859.847515,271.215656,59.864922,226.391592,26335.674252,-2.672304,9921.065558,302.427203,-9.996481,19.231714,-6.428239
m09_s06_e05_positions.txt.gz,m09,s06,e05,0,-8.718258,1.800000,2638.751191,25850.296718,429.381300,180,5073.369414,70522.417420,929.666343,258.319708,32.864792,213.442604,30099.830912,-2.750852,15419.532435,293.792136,0.524231,-5.114346,3.676624
m09_s06_e06_positions.txt.gz,m09,s06,e06,0,-8.660661,1.840000,2557.572387,23782.309663,420.482352,184,4929.619550,57849.017276,891.814253,265.273133,40.273647,230.130238,27144.777515,-2.661551,13085.896738,291.428664,18.515352,12.826659,1.855834
m09_s06_e07_positions.txt.gz,m09,s06,e07,0,-8.748492,1.770000,2690.202301,23629.953390,430.784724,177,5443.958432,89404.371543,815.939231,270.455424,20.814582,222.080410,27504.820364,-2.481864,14076.236928,285.595293,-29.196655,-2.715042,-2.980072
m09_s06_e08_positions.txt.gz,m09,s06,e08,0,-8.753727,1.820000,2840.382844,27466.233170,426.275684,182,4821.239998,77219.153662,958.653788,268.107952,50.398112,207.079008,31074.366912,-2.550994,14533.489411,319.882317,3.264384,14.448840,1.889917
m09_s06_e09_positions.txt.gz,m09,s06,e09,0,-8.776694,2.060000,2414.424928,22606.517578,420.134262,206,4362.860185,55531.038127,912.126418,288.122840,69.868325,249.723259,24836.430957,-2.694086,10285.604781,289.501944,18.291983,-16.040059,5.925175
m09_s06_e10_positions.txt.gz,m09,s06,e10,0,-8.772356,1.810000,2942.624941,28524.049645,466.983952,181,5114.679236,76628.166937,972.406816,275.792499,47.777735,257.539910,32079.161962,-2.591599,14678.256846,324.188301,-15.212983,-0.715264,-3.626197
m09_s07_e01_positions.txt.gz,m09,s07,e01,0,-9.597275,2.130000,190.960876,1950.936282,30.571931,213,382.080595,6906.121858,59.392234,21.118851,13.334800,14.978148,2318.366368,-2.640383,1252.465664,13.766053,6.340974,-4.276892,5.038070
m09_s07_e02_positions.txt.gz,m09,s07,e02,0,-9.573927,2.070000,310.335914,3281.314256,43.287425,207,709.653587,6642.943591,88.492856,28.825816,19.847531,16.080928,3563.727862,-3.163287,1390.371541,20.865978,-5.159304,-1.333914,1.827168
m09_s07_e03_positions.txt.gz,m09,s07,e03,0,-9.238813,2.050000,299.361112,3134.920396,45.697660,205,593.752890,8082.430013,105.394158,26.188221,19.237492,14.761394,3642.239752,-3.534939,1854.234215,21.570818,3.485441,1.144966,1.009699
m09_s07_e04_positions.txt.gz,m09,s07,e04,0,-9.217079,2.020000,374.760412,3716.940106,57.796308,202,776.067797,7238.683421,115.344010,36.035578,23.468508,21.740096,4031.171495,-2.841077,1560.352484,28.853792,2.916006,-4.664391,-3.491495
m09_s07_e05_positions.txt.gz,m09,s07,e05,0,-9.305064,2.040000,432.572420,4261.270124,53.181067,204,975.246346,8901.619029,131.243023,38.007138,17.882565,9.390272,4722.805401,-2.692077,2036.287748,29.038045,-8.906854,-0.794741,2.539442
m09_s07_e06_positions.txt.gz,m09,s07,e06,0,-9.792766,2.110000,348.767996,3370.700549,42.386619,211,733.671822,7586.389873,85.236534,27.465089,13.831821,7.137422,3721.124368,-2.801733,1576.434068,20.686427,-1.248128,-0.890328,0.731198
m09_s07_e07_positions.txt.gz,m09,s07,e07,0,-9.891904,2.100000,291.882916,3000.046879,36.218218,210,694.871447,7469.108235,76.529244,18.019729,18.029604,8.541544,3535.885513,-2.712069,1871.417935,18.117073,4.960168,-0.220712,1.396386
m09_s07_e08_positions.txt.gz,m09,s07,e08,0,-9.966768,2.200000,267.419525,2816.702789,39.821494,220,536.197936,6456.300938,70.613904,26.012972,22.861470,12.657554,3158.729155,-3.337436,1429.599688,17.569831,6.622328,5.356047,-3.989265
m09_s07_e09_positions.txt.gz,m09,s07,e09,0,-9.666357,2.110000,216.089037,2086.806747,30.276423,211,398.609104,4994.060998,56.153246,24.160094,10.004328,5.724734,2301.303384,-2.853747,970.172596,13.439195,-4.088033,-1.750066,1.074067
m09_s07_e10_positions.txt.gz,m09,s07,e10,0,-10.276869,2.150000,304.479446,3456.747689,34.427367,215,660.717154,8463.150817,71.370702,21.253661,18.516800,7.909007,3858.834053,-2.957849,1715.078907,14.305565,-5.974204,-4.652544,0.774393
m09_s08_e01_positions.txt.gz,m09,s08,e01,0,-7.945314,1.400000,3430.085434,29617.408118,677.823324,140,6273.088254,98404.555065,1023.315256,310.261619,71.845312,358.838240,32818.624099,-2.399585,14137.581977,273.715278,-137.340528,-8.789270,16.525633
m09_s08_e02_positions.txt.gz,m09,s08,e02,0,-8.684892,1.910000,3569.183560,27355.080048,685.286860,191,5317.056799,71806.406044,1051.619876,319.944123,67.601601,431.947680,30634.385430,-2.595959,13790.038659,309.593505,-4.125703,3.077653,5.431659
m09_s08_e03_positions.txt.gz,m09,s08,e03,0,-8.475202,1.880000,3515.215351,27811.978987,687.051858,188,6310.717000,78410.800466,1172.517052,341.352897,71.259215,418.696004,31495.543830,-2.648637,14780.497487,327.244316,-2.076705,-0.605560,-5.874310
m09_s08_e04_positions.txt.gz,m09,s08,e04,0,-8.538243,1.810000,3625.233574,27973.781976,668.349004,181,4863.515431,98642.951561,1060.667421,333.317425,55.436442,379.710194,31125.567604,-2.589176,13648.021124,317.857311,2.447439,9.258256,-9.115394
m09_s08_e05_positions.txt.gz,m09,s08,e05,0,-8.585074,1.690000,4000.843117,35081.231118,700.637900,169,8667.126916,83168.508628,1172.997731,346.779878,67.889750,377.592118,39056.410458,-2.376060,17167.132002,304.698767,30.979388,35.087166,27.155179
m09_s08_e06_positions.txt.gz,m09,s08,e06,0,-8.749029,1.850000,3450.017044,29715.509165,695.491536,185,6405.726316,115135.999518,1099.882712,316.237992,80.171336,434.338973,34706.937461,-2.711754,17932.094773,289.367222,0.763764,-3.322837,4.885598
m09_s08_e07_positions.txt.gz,m09,s08,e07,0,-8.704914,1.720000,3700.845715,31019.262910,716.327702,172,6515.764089,114999.554204,1052.319196,326.797016,69.270162,438.836181,36232.887477,-2.661717,18725.049089,294.132518,16.916760,-2.114362,20.463489
m09_s08_e08_positions.txt.gz,m09,s08,e08,0,-8.308841,1.930000,3113.829914,23485.352554,689.383716,193,4616.596897,98708.175687,1142.647700,388.438192,68.115658,469.860795,27153.034165,-2.681803,13628.113582,312.599940,-26.111819,-22.033381,-19.613450
m09_s08_e09_positions.txt.gz,m09,s08,e09,0,-8.592787,1.880000,3711.682331,29857.865810,699.540921,188,5798.424693,79394.623374,1159.820923,360.358119,58.782018,419.594259,33041.076301,-2.611006,14149.931887,322.111584,-9.756902,19.598966,4.968872
m09_s08_e10_positions.txt.gz,m09,s08,e10,0,-8.309653,1.860000,3566.673382,27589.253888,681.203883,186,5707.839783,62070.922378,1231.056100,367.140567,26.202138,390.627802,30933.330849,-2.442861,13989.425554,338.103322,4.736071,0.700844,-4.247402
m09_s09_e01_positions.txt.gz,m09,s09,e01,0,-8.762668,2.720000,1643.641875,13649.324752,365.074914,272,3098.863991,31049.881381,846.041402,433.840073,45.983001,253.669603,15077.436627,-2.665580,6405.078381,250.064979,-78.940026,-0.270266,-30.797664
m09_s09_e02_positions.txt.gz,m09,s09,e02,0,-9.974515,3.930000,1399.783241,11380.740886,333.400295,393,4057.938715,41151.184555,737.590597,465.186913,92.970310,261.027179,13872.826067,-3.310092,7933.097754,274.665809,6.146937,-5.075158,-5.943582
m09_s09_e03_positions.txt.gz,m09,s09,e03,0,-9.570411,3.360000,1601.240172,13983.326343,354.112374,336,3921.466285,37990.852705,830.513106,420.718060,67.049708,238.888639,16144.548490,-3.282268,8069.264547,265.129350,-2.205556,5.477958,5.442302
m09_s09_e04_positions.txt.gz,m09,s09,e04,0,-9.704894,3.660000,1617.498541,13155.450512,363.876875,366,3270.387514,27203.677982,786.089581,432.646471,95.028667,268.919645,14376.109447,-3.163051,5797.123827,275.839238,3.831163,-4.623110,-8.833224
m09_s09_e05_positions.txt.gz,m09,s09,e05,0,-9.803143,4.070000,1392.426508,11587.905595,298.735161,407,3299.406891,32223.805599,829.236499,414.883302,135.412856,217.216716,13583.514519,-3.986310,7087.475617,275.588726,4.459153,-5.748580,-5.459035
m09_s09_e06_positions.txt.gz,m09,s09,e06,0,-10.092237,4.440000,1126.543003,10128.732822,277.037337,444,3967.744294,46869.002656,833.361136,432.459037,73.807338,251.212117,13843.958698,-2.875427,9437.370601,229.326559,-4.916412,5.579157,7.281779
m09_s09_e07_positions.txt.gz,m09,s09,e07,0,-9.567836,3.460000,1623.682527,12993.080462,368.966587,346,4114.073485,38429.598356,855.659506,420.795214,81.904365,264.560210,15897.032708,-3.233624,9159.449166,273.406024,1.330628,-1.222785,-2.351578
m09_s09_e08_positions.txt.gz,m09,s09,e08,0,-10.242766,3.730000,1645.466836,14484.705117,345.283621,373,4614.564936,55676.013309,787.364333,402.120752,138.101583,232.308428,18314.747969,-3.292099,11208.180533,279.707119,6.433101,-12.570662,-7.383197
m09_s09_e09_positions.txt.gz,m09,s09,e09,0,-9.355992,3.060000,1767.319452,13615.772173,406.201794,306,3630.455430,33872.325335,767.053847,405.216190,154.763167,232.708565,15412.446708,-3.109310,7221.790751,257.486242,-8.365151,12.639566,11.699285
m09_s09_e10_positions.txt.gz,m09,s09,e10,0,-9.340810,3.290000,1549.865590,12104.211410,386.591490,329,3182.937087,33539.528449,767.133682,439.324968,123.112230,251.615333,13721.714768,-3.120618,6463.243948,267.213662,-2.086167,-5.413103,2.710556
m09_s10_e01_positions.txt.gz,m09,s10,e01,0,-9.146679,1.780000,317.334380,3259.549626,44.065233,178,778.165002,8734.659941,93.589923,31.023309,7.511948,20.434774,3817.466946,-2.408369,1987.055640,18.524325,10.152817,3.982943,-7.787069
m09_s10_e02_positions.txt.gz,m09,s10,e02,0,-9.101357,1.690000,302.623403,3640.198175,45.729396,169,643.278289,12449.256611,94.888480,38.350839,7.922394,20.842936,4089.949322,-2.727905,1864.575743,24.422887,13.990409,-0.678784,-8.511933
m09_s10_e03_positions.txt.gz,m09,s10,e03,0,-9.838171,1.770000,256.425321,3481.380907,35.291149,177,598.849228,9441.654342,68.200638,28.405371,3.545554,19.976779,3964.241823,-3.687382,1896.101320,20.317828,16.088209,0.175553,3.773181
m09_s10_e04_positions.txt.gz,m09,s10,e04,0,-9.783657,1.860000,388.507544,4609.994323,45.279571,186,843.448348,11559.363141,96.074325,26.481029,9.513852,17.785411,5044.661293,-3.263239,2048.550683,24.623558,2.549157,3.687713,0.446031
m09_s10_e05_positions.txt.gz,m09,s10,e05,0,-9.506941,1.850000,260.835371,2923.093347,38.945227,185,506.171543,9870.724431,69.659044,20.174761,8.688726,15.402016,3210.894233,-3.195523,1328.671163,19.820169,3.454949,1.618668,-7.587336
m09_s10_e06_positions.txt.gz,m09,s10,e06,0,-8.936197,1.810000,421.564250,3795.521181,60.266974,181,864.727507,12758.030364,121.785358,35.321334,10.305014,18.324590,4360.615636,-2.521572,2146.855303,27.609152,-4.964243,-0.861074,-3.852940
m09_s10_e07_positions.txt.gz,m09,s10,e07,0,-9.536365,1.780000,291.990395,3323.023895,45.746164,178,566.566174,11555.826323,74.544816,29.554157,11.037545,34.848711,3694.730877,-2.601206,1615.100134,15.503652,16.120609,4.852443,10.966804
m09_s10_e08_positions.txt.gz,m09,s10,e08,0,-8.673170,1.660000,280.954085,2773.905168,46.592517,166,548.051274,7927.151998,85.782208,35.315487,9.564840,28.381552,3066.126418,-2.405872,1306.361868,21.222318,14.301509,1.221358,-7.933928
m09_s10_e09_positions.txt.gz,m09,s10,e09,0,-10.227099,1.830000,374.374325,4625.975865,43.390236,183,607.764878,11356.513560,73.923935,16.120526,7.786265,21.372713,4964.720757,-3.235406,1802.442645,14.953591,1.420377,0.559219,4.783373
m09_s10_e10_positions.txt.gz,m09,s10,e10,0,-8.986040,1.750000,350.470689,3503.914849,55.230450,175,824.660352,10007.365018,101.436328,19.926312,8.730925,38.937467,3916.789011,-2.184493,1750.376213,24.073232,2.398644,-1.294746,-16.008797
m10_s01_e01_positions.txt.gz,m10,s01,e01,0,-7.600975,1.620000,3994.577742,31197.675781,957.153269,162,6341.076764,136192.292770,1710.066060,223.631156,186.112558,726.182279,37091.213071,-2.827250,20061.483318,525.828822,-53.451983,39.423051,-45.910493
m10_s01_e02_positions.txt.gz,m10,s01,e02,0,-8.131366,1.810000,4444.606959,38349.542524,918.321600,181,8167.803164,124369.840913,1804.607454,213.713720,206.819657,719.253188,43208.429672,-2.847974,19906.807453,538.468762,-3.901190,2.781213,3.220816
m10_s01_e03_positions.txt.gz,m10,s01,e03,0,-8.178234,1.760000,4692.821117,40940.943761,923.562484,176,8015.496416,156379.639895,1797.088592,216.956687,223.740541,706.890356,45938.988370,-2.879041,20838.180739,570.634919,22.491830,6.086428,0.519471
m10_s01_e04_positions.txt.gz,m10,s01,e04,0,-8.151248,1.830000,4778.453413,39200.761978,929.683702,183,9705.235477,104887.072162,1882.972215,191.661396,218.345539,743.745217,44790.747216,-2.843723,21668.209352,575.951440,-7.066190,2.144764,9.052859
m10_s01_e05_positions.txt.gz,m10,s01,e05,0,-8.113490,1.760000,5140.149820,41738.698624,952.225034,176,7866.626073,113655.506528,1868.489990,206.391086,217.815205,736.555952,46242.758763,-2.856211,19906.626413,603.429188,-18.166413,-7.980731,-12.215515
m10_s01_e06_positions.txt.gz,m10,s01,e06,0,-8.148128,1.910000,4120.119237,33826.962281,894.238875,191,7542.355488,109193.384177,1689.381067,204.963952,229.112997,731.207022,37628.854940,-2.804535,16482.334389,519.825500,8.485916,7.136470,-1.126245
m10_s01_e07_positions.txt.gz,m10,s01,e07,0,-8.027875,1.820000,4544.537210,37134.091491,932.884532,182,8917.098916,110513.445198,1914.297186,204.556645,216.009318,736.926018,43165.133089,-2.837426,22006.543656,556.923111,-4.245374,-8.578003,-1.986400
m10_s01_e08_positions.txt.gz,m10,s01,e08,0,-8.139064,1.880000,4633.298559,37311.007391,925.453732,188,8512.930932,121062.896670,1903.307300,219.593797,192.501226,753.610326,43216.275363,-2.934501,21806.769217,575.010298,-9.122547,2.417163,-0.838869
m10_s01_e09_positions.txt.gz,m10,s01,e09,0,-8.203185,1.840000,4526.506968,38110.634378,910.248894,184,7916.018006,117195.100085,1761.687443,220.814479,209.279026,729.699226,42658.070413,-3.031530,19164.825036,573.818451,2.870791,7.995069,3.618305
m10_s01_e10_positions.txt.gz,m10,s01,e10,0,-8.190458,1.900000,4159.261738,36537.733719,869.781357,190,9199.229142,96949.536369,1865.501023,214.074772,195.764545,737.443831,42776.031587,-3.033958,22243.715808,569.871917,28.836698,-10.993504,12.138591
m10_s02_e01_positions.txt.gz,m10,s02,e01,0,-8.579244,2.650000,3395.386068,28156.868444,697.351605,265,8378.487348,72865.300063,2015.899989,294.752522,300.089080,742.353264,34084.697463,-3.267421,19208.262821,629.030700,5.006326,6.173434,0.409232
m10_s02_e02_positions.txt.gz,m10,s02,e02,0,-8.454202,2.220000,4274.253477,36293.481699,821.216722,222,8656.683720,72295.535429,1904.832739,319.532133,274.700090,733.562665,39457.902386,-3.053955,15482.546524,664.154297,9.322603,8.530728,1.213313
m10_s02_e03_positions.txt.gz,m10,s02,e03,0,-8.371178,2.290000,3825.579764,31487.530181,766.889437,229,8326.772464,87474.230201,1881.718200,305.770648,261.616185,707.565899,35692.712624,-3.153900,16807.890337,624.429277,-3.116311,-0.984266,1.094415
m10_s02_e04_positions.txt.gz,m10,s02,e04,0,-8.461852,2.290000,3804.006124,32129.026607,765.146727,229,7565.830420,118803.718163,1862.660451,317.089934,264.236433,701.288209,36969.901570,-3.091586,18289.321239,604.805392,-5.763529,-0.958786,-2.793297
m10_s02_e05_positions.txt.gz,m10,s02,e05,0,-8.694554,2.310000,4325.739645,39341.476932,766.481140,231,9026.964201,87679.134013,2088.301001,302.022887,284.904425,705.652949,45959.304261,-3.532169,23759.331660,694.616639,4.359443,3.006975,0.867724
m10_s02_e06_positions.txt.gz,m10,s02,e06,0,-8.320582,2.160000,3851.535720,32447.506705,811.439824,216,8183.980156,104404.213957,1804.852356,325.759333,261.414412,698.068678,36437.829738,-3.044628,16579.346931,579.888981,-4.024802,3.480643,0.202530
m10_s02_e07_positions.txt.gz,m10,s02,e07,0,-8.264292,2.280000,3718.768263,29329.514623,783.574131,228,7745.670670,80807.608375,1837.472750,324.104872,253.713350,717.993087,33257.294398,-3.171995,15678.877596,599.308645,-2.284390,-2.471836,-1.445379
m10_s02_e08_positions.txt.gz,m10,s02,e08,0,-8.105272,2.160000,3463.704773,27550.730695,806.648190,216,6716.491180,96874.854268,1734.536120,321.785153,274.627088,697.014922,31444.170901,-2.888230,15155.630037,529.273122,8.648956,9.169937,6.572180
m10_s02_e09_positions.txt.gz,m10,s02,e09,0,-8.195755,2.080000,3797.194308,28708.636391,858.392845,208,6390.283661,93064.435859,1602.926770,322.434622,281.490214,709.292586,32173.948635,-2.919012,14525.053094,518.983926,-8.633533,3.257904,-2.646245
m10_s02_e10_positions.txt.gz,m10,s02,e10,0,-9.049399,2.310000,3610.877019,31847.628470,757.077568,231,10653.090822,199921.773655,1612.329058,344.410033,264.610593,681.536842,42372.858518,-3.475197,27949.735237,587.834391,0.333698,-0.524097,1.068485
m10_s03_e01_positions.txt.gz,m10,s03,e01,0,-8.368600,3.050000,1744.903808,10963.755291,562.304494,305,4240.711818,92848.094779,1187.831849,279.218276,266.272652,688.223917,14639.410353,-3.184388,9700.948686,360.095672,-5.537862,4.769716,0.919098
m10_s03_e02_positions.txt.gz,m10,s03,e02,0,-8.112014,3.070000,1889.208626,11258.210098,559.898449,307,3622.174373,21601.008294,1127.417507,309.977905,243.606837,681.986198,12102.599189,-2.984281,4441.352556,376.819624,6.880890,4.711781,-0.314947
m10_s03_e03_positions.txt.gz,m10,s03,e03,0,-8.207104,3.130000,2085.689047,12829.003954,538.708901,313,3949.997893,24322.265298,1290.744974,288.746125,260.313524,672.445503,14114.773550,-3.136226,5885.872062,450.204235,3.639424,0.330284,4.499564
m10_s03_e04_positions.txt.gz,m10,s03,e04,0,-8.035262,2.890000,2173.582256,13003.032250,581.200175,289,3779.445190,39182.730172,1281.655279,297.364550,261.393426,675.540168,14496.377177,-3.078227,6408.283979,429.719011,-11.737807,3.095506,-3.895613
m10_s03_e05_positions.txt.gz,m10,s03,e05,0,-8.192779,2.950000,2146.068787,13389.481095,563.910226,295,4806.175592,36374.807303,1306.949856,288.056612,266.876058,647.378423,15508.341408,-3.224270,7824.988768,436.844982,-1.062852,0.741798,0.714626
m10_s03_e06_positions.txt.gz,m10,s03,e06,0,-8.239268,2.960000,2212.983075,14679.104268,602.471505,296,4812.066119,38070.905683,1380.387254,324.420447,263.326748,701.335521,16680.063016,-2.872492,7921.388773,424.401772,9.290716,3.141298,1.905403
m10_s03_e07_positions.txt.gz,m10,s03,e07,0,-8.071152,2.610000,2612.508005,17057.938591,633.677006,261,5642.113014,43564.220312,1468.173205,289.814455,259.577387,659.414282,19699.032740,-3.032829,9852.848415,473.645406,5.271734,-3.991722,4.169543
m10_s03_e08_positions.txt.gz,m10,s03,e08,0,-8.155668,2.960000,2069.912897,13020.715162,555.565950,296,4628.757772,35132.576719,1328.002708,272.561785,248.103568,659.642147,15390.123311,-3.287101,8204.685990,424.501669,-1.100758,3.395145,-1.060735
m10_s03_e09_positions.txt.gz,m10,s03,e09,0,-8.120122,2.900000,2164.522144,13546.166733,576.547322,290,4419.829805,39960.672517,1318.791179,279.379438,227.648966,679.180057,15482.504946,-3.238479,7497.287926,428.943082,3.580077,2.353860,3.107984
m10_s03_e10_positions.txt.gz,m10,s03,e10,0,-8.601982,3.060000,2107.660780,14564.747209,533.113131,306,4241.667665,63497.841499,1246.565099,260.779028,241.703286,664.393907,17180.249235,-3.788711,9112.030646,447.556855,4.362070,0.716930,-3.941640
m10_s04_e01_positions.txt.gz,m10,s04,e01,0,-7.952252,2.040000,3518.722030,23903.780156,907.164175,204,5540.364202,128183.877692,1586.107176,314.467120,267.962754,790.616484,29019.968988,-2.778533,16455.026415,502.037041,-55.553297,46.402886,-24.044612
m10_s04_e02_positions.txt.gz,m10,s04,e02,0,-8.466601,2.370000,4060.125582,30357.564580,863.146891,237,8748.848288,82916.254200,1896.846491,349.810208,247.725614,802.381927,35843.358163,-2.766038,19056.877948,596.763938,-6.664804,2.019260,0.250734
m10_s04_e03_positions.txt.gz,m10,s04,e03,0,-8.420856,2.370000,3983.778456,29442.378060,867.439210,237,9463.290255,96487.999328,1936.256956,381.326053,240.184279,791.413214,35760.715306,-2.658909,20297.170576,570.282557,-11.085503,1.829320,-0.031015
m10_s04_e04_positions.txt.gz,m10,s04,e04,0,-8.469577,2.300000,4509.219399,32722.563700,946.645124,230,8687.653471,80748.209105,1921.525152,380.392138,246.544947,827.006383,38036.423938,-2.737186,19390.806349,605.075046,-2.541746,-0.848748,0.375646
m10_s04_e05_positions.txt.gz,m10,s04,e05,0,-8.352988,2.470000,3950.502989,26657.496647,904.121097,247,8461.288848,79571.456729,1870.875907,401.443426,246.178783,845.522463,31392.645852,-2.791198,16579.387386,569.332829,-0.405814,0.393839,-1.553589
m10_s04_e06_positions.txt.gz,m10,s04,e06,0,-8.408070,2.240000,4590.729849,33055.023244,954.084758,224,7319.685002,69697.733351,1847.104584,405.138105,227.100337,810.405526,36889.993196,-2.711077,16377.943593,605.540594,3.527995,-2.358692,2.284758
m10_s04_e07_positions.txt.gz,m10,s04,e07,0,-8.536368,2.530000,3926.338950,28758.272046,887.013273,253,8439.666609,79504.405869,1924.569835,451.223791,228.763322,840.977232,34143.004809,-2.950947,18403.982350,583.658460,-19.826649,2.265986,-3.754118
m10_s04_e08_positions.txt.gz,m10,s04,e08,0,-8.475014,2.250000,4722.985264,33815.770501,978.827449,225,7639.306363,71781.845495,1851.542363,474.395913,227.683427,804.085122,37982.690947,-2.863398,17296.776491,619.312845,-11.705138,6.082677,1.060832
m10_s04_e09_positions.txt.gz,m10,s04,e09,0,-8.515581,2.440000,4542.953638,34783.949103,944.278916,244,9114.815596,81845.987088,2149.043555,457.547111,251.419565,843.287242,39837.799055,-2.930495,19419.761027,676.912307,0.213488,-3.154834,0.615589
m10_s04_e10_positions.txt.gz,m10,s04,e10,0,-8.398302,2.270000,5059.968412,37864.087643,1058.545717,227,10466.800929,101988.594963,2299.507440,470.835998,241.403404,896.317265,44798.568111,-2.755464,23942.066991,664.357037,21.905434,-6.378579,-2.194854
m10_s05_e01_positions.txt.gz,m10,s05,e01,0,-9.513195,3.180000,4473.217668,35093.258972,998.268681,318,10370.564146,229791.196592,2130.137640,347.372894,319.845591,851.277837,43704.986731,-3.612878,26049.741648,668.849247,84.478376,-77.538624,265.878881
m10_s05_e02_positions.txt.gz,m10,s05,e02,0,-6.183762,1.270000,3579.934716,23589.788993,864.760948,127,5673.634045,47690.290798,1640.006165,335.780638,305.653037,857.939729,25230.551935,-1.837229,8950.005933,571.037299,-234.591213,224.025957,-666.598384
m10_s05_e03_positions.txt.gz,m10,s05,e03,0,-8.165833,2.230000,4705.954357,34367.134548,958.286504,223,9021.386909,81388.463048,2203.624841,387.381520,297.504895,833.934112,39252.604529,-2.758874,18964.889277,691.436725,-16.191556,0.091888,3.788107
m10_s05_e04_positions.txt.gz,m10,s05,e04,0,-8.337334,2.160000,5062.475640,39370.947056,1008.535786,216,8993.972562,83255.821553,2153.314091,387.434999,286.286646,847.914186,43838.506357,-2.848647,19280.642299,707.588577,1.533416,0.346249,-6.470999
m10_s05_e05_positions.txt.gz,m10,s05,e05,0,-8.319768,2.110000,4994.201534,41509.371285,1004.367973,211,10403.767753,101316.280433,2280.630700,401.760169,286.222411,814.351512,47670.090588,-2.976862,23439.488736,704.655903,0.027508,2.991816,1.607487
m10_s05_e06_positions.txt.gz,m10,s05,e06,0,-8.244045,2.020000,5337.421084,43048.248029,1037.572210,202,8722.155371,116927.701425,2191.239103,382.106581,328.664568,797.191242,47079.767225,-2.978016,19061.815852,709.123837,10.339733,-0.566369,1.944549
m10_s05_e07_positions.txt.gz,m10,s05,e07,0,-8.259623,2.100000,5258.603337,42607.343216,1001.533210,210,9713.972426,94080.797107,2345.534761,351.637093,327.645368,808.495994,47914.530466,-2.723982,21918.406281,721.579221,-4.046324,3.884989,-0.903983
m10_s05_e08_positions.txt.gz,m10,s05,e08,0,-8.048815,1.910000,5607.206024,41968.159755,1106.286761,191,8778.480283,95293.711844,2147.547950,335.949872,348.923268,823.770488,45516.709081,-2.759267,17619.431671,679.440978,1.797138,-3.974534,-5.172146
m10_s05_e09_positions.txt.gz,m10,s05,e09,0,-8.224066,1.960000,5803.218154,42969.880930,1091.276881,196,8234.241621,94062.857797,2116.908815,374.679720,306.327422,830.357741,47114.152783,-2.830310,19321.819927,715.942917,1.063556,7.341442,4.085352
m10_s05_e10_positions.txt.gz,m10,s05,e10,0,-8.262095,1.850000,5980.527037,47987.945381,1194.421397,185,8454.311441,156921.093014,2169.715567,363.438455,305.362982,859.511656,53670.589739,-2.851159,24035.168004,704.073555,2.451035,4.126028,-1.220627
m10_s06_e01_positions.txt.gz,m10,s06,e01,0,-8.039065,1.620000,5021.359545,47622.264923,928.731251,162,8274.057066,176476.039897,1968.791132,183.275922,255.743312,745.979905,53160.348589,-3.075257,23625.040651,687.968356,-77.512901,109.748142,-105.696973
m10_s06_e02_positions.txt.gz,m10,s06,e02,0,-8.679419,1.960000,5589.659759,54757.764211,895.025974,196,13973.195085,177358.383249,2431.115252,225.347275,249.931164,720.744957,67941.222812,-2.904992,40219.361205,711.257078,-15.397911,1.124083,-0.636368
m10_s06_e03_positions.txt.gz,m10,s06,e03,0,-8.957673,2.340000,4382.304578,40987.578223,724.466009,234,9500.964914,92922.697484,1878.658431,214.598531,242.394392,692.886922,46254.929544,-3.378439,21436.812695,668.282351,-2.071184,-0.880340,-0.354558
m10_s06_e04_positions.txt.gz,m10,s06,e04,0,-8.931130,2.230000,4975.281300,46834.872416,762.417379,223,9126.439004,94867.774263,2047.147319,216.415685,241.792564,696.755054,53464.072269,-3.722997,25785.688849,722.202057,15.784146,9.746586,4.887175
m10_s06_e05_positions.txt.gz,m10,s06,e05,0,-9.048453,2.160000,5275.519115,54257.409388,790.705115,216,12897.495028,142600.194862,2159.419971,272.224480,238.204957,690.292114,62734.012384,-3.200268,31491.107257,710.235731,-23.144501,0.541770,-5.446167
m10_s06_e06_positions.txt.gz,m10,s06,e06,0,-9.205755,2.000000,5613.010967,58508.223894,819.618076,200,14217.259930,217839.494665,1987.213353,260.393154,224.488763,639.172270,70097.708507,-3.726874,38606.689506,708.641853,17.122812,-14.429678,6.586004
m10_s06_e07_positions.txt.gz,m10,s06,e07,0,-9.122119,2.230000,5449.265855,54833.674012,769.171335,223,14141.552458,153979.469628,2338.735612,217.423676,251.235209,662.847904,67199.603248,-3.228693,38846.555459,686.323475,-10.119562,-6.941650,-0.864808
m10_s06_e08_positions.txt.gz,m10,s06,e08,0,-9.352632,1.960000,5618.079119,61130.497071,844.708020,196,14280.779213,267842.355706,1905.439155,207.691526,272.365919,672.109852,74560.577296,-3.594945,42688.898025,685.494749,2.211114,17.640404,-1.086549
m10_s06_e09_positions.txt.gz,m10,s06,e09,0,-9.793272,2.550000,4701.098064,47190.190565,691.718147,255,15239.003714,164035.124897,1822.387386,237.479527,241.530913,613.760596,59898.010439,-3.105973,36889.803049,577.922306,11.222324,2.810915,3.082164
m10_s06_e10_positions.txt.gz,m10,s06,e10,0,-9.068201,1.690000,6945.188512,75674.730808,966.720750,169,14818.583110,275070.939109,2108.141240,278.808867,263.335426,638.145555,89372.631249,-3.595383,47547.895153,735.396727,-50.891645,-9.806276,-12.900796
m10_s07_e01_positions.txt.gz,m10,s07,e01,0,-8.439158,1.630000,214.582317,1683.315438,37.492244,163,458.635727,8631.902455,63.552785,23.184520,20.541586,8.639586,2076.792513,-2.605081,1216.353682,13.507128,1.052226,8.534427,-3.443694
m10_s07_e02_positions.txt.gz,m10,s07,e02,0,-9.086415,1.910000,256.641373,2194.230656,38.833177,191,498.845517,9162.081782,71.247043,19.704508,19.999762,6.885133,2536.920220,-2.616113,1273.309087,17.496403,-0.689397,5.287657,-0.004967
m10_s07_e03_positions.txt.gz,m10,s07,e03,0,-8.776654,1.750000,282.904307,2604.372626,46.988081,175,570.698315,7361.221158,85.321213,20.668284,8.208972,6.935678,2967.058448,-2.952238,1421.505912,18.374699,-2.003606,0.306445,1.274602
m10_s07_e04_positions.txt.gz,m10,s07,e04,0,-8.907941,1.760000,343.243947,3124.249325,47.947148,176,649.735192,13191.054952,94.428446,33.842725,15.971739,9.936757,3476.711789,-2.513109,1525.316694,20.234221,11.496700,1.684579,-0.619425
m10_s07_e05_positions.txt.gz,m10,s07,e05,0,-7.595657,1.620000,229.692557,2194.585515,38.703969,162,674.074039,7425.646047,121.491104,25.623300,9.497803,4.665332,2628.136961,-2.161177,1445.993880,31.427843,-9.150699,-2.488227,0.844182
m10_s07_e06_positions.txt.gz,m10,s07,e06,0,-8.769537,1.670000,481.494480,4210.018953,66.539125,167,937.824579,16587.639983,131.133613,28.956947,23.157993,13.815357,4874.387888,-2.985523,2456.704644,28.924669,-1.486506,2.183775,-0.313923
m10_s07_e07_positions.txt.gz,m10,s07,e07,0,-9.113656,1.750000,425.699782,3775.491297,63.261466,175,681.289644,13454.047762,105.249668,27.528146,22.182679,11.768210,4331.804167,-3.077557,2123.721453,25.272908,-3.673187,2.079023,-1.819953
m10_s07_e08_positions.txt.gz,m10,s07,e08,0,-8.919675,1.680000,252.727212,2586.829930,39.226657,168,586.676291,12498.725220,81.003748,22.780860,12.019121,7.834479,3216.799803,-3.621030,1912.096202,19.810656,-0.196952,-2.094374,0.549706
m10_s07_e09_positions.txt.gz,m10,s07,e09,0,-9.131126,1.760000,303.791466,3006.085277,43.739905,176,585.665790,12267.911238,89.166760,22.205938,14.105697,9.741250,3670.564108,-3.526273,2106.298216,22.342870,-1.107624,-3.233701,0.097856
m10_s07_e10_positions.txt.gz,m10,s07,e10,0,-8.904536,1.700000,304.277176,3051.565790,49.283620,170,661.472739,14598.549972,95.989222,31.037292,15.968807,9.953511,3716.589581,-3.554186,2121.552343,25.148461,-3.430458,-3.951725,2.484056
m10_s08_e01_positions.txt.gz,m10,s08,e01,0,-7.679099,1.300000,6497.990289,58976.199894,1154.464898,130,8117.854024,163400.864569,2090.621337,275.466830,359.331953,688.729113,65592.698596,-2.555405,28709.057022,697.565879,-119.808355,177.431182,-105.863367
m10_s08_e02_positions.txt.gz,m10,s08,e02,0,-8.226376,1.640000,6255.476457,52718.216234,1163.509989,164,10101.819745,193863.332696,2082.699610,301.926403,359.175582,732.650821,60631.125767,-2.841104,29948.674243,636.843335,11.876630,9.203471,1.262970
m10_s08_e03_positions.txt.gz,m10,s08,e03,0,-8.429491,1.570000,7107.910667,67665.508806,1221.497238,157,11679.499184,222258.022213,2299.605942,295.617092,353.861983,737.426735,79112.411062,-2.935875,40989.663356,699.096654,-5.389563,-7.602025,-2.557949
m10_s08_e04_positions.txt.gz,m10,s08,e04,0,-8.465477,1.620000,6230.180554,53889.054748,1239.769641,162,11706.619848,232747.583348,2074.081403,289.632289,338.457518,785.298722,69311.973567,-2.882230,43590.359692,595.595952,2.641957,8.705027,0.532156
m10_s08_e05_positions.txt.gz,m10,s08,e05,0,-8.581487,1.610000,6090.331278,53611.626350,1205.096236,161,11097.076310,256047.800289,1914.915083,266.126460,362.069468,749.962698,68447.385264,-3.033146,42553.943056,581.663609,1.637265,2.049770,-2.240485
m10_s08_e06_positions.txt.gz,m10,s08,e06,0,-8.214785,1.560000,6259.972511,52331.201880,1270.988056,156,11449.916534,260776.302240,2079.896957,282.396593,360.452946,784.291620,64889.244753,-2.746415,38367.426216,554.318295,1.190087,-33.127216,1.764587
m10_s08_e07_positions.txt.gz,m10,s08,e07,0,-8.477315,1.560000,6322.092233,57361.792033,1204.533372,156,12615.671662,264115.503648,2073.732510,290.825981,300.010248,757.085044,73771.981542,-3.005684,46388.900348,597.122444,5.173832,7.943559,2.974503
m10_s08_e08_positions.txt.gz,m10,s08,e08,0,-8.625631,1.620000,5790.559416,53919.315171,1132.145911,162,13749.443320,300380.465289,1990.054635,260.304717,318.738883,733.626356,72048.427080,-3.176363,47787.899055,607.400339,-0.331930,-0.389516,-4.197074
m10_s08_e09_positions.txt.gz,m10,s08,e09,0,-8.484183,1.560000,6652.146018,61593.259625,1207.143307,156,11443.273350,243311.709379,2061.678327,286.068854,293.972815,758.671705,73595.436094,-3.046844,40280.995303,653.514564,-14.216417,-3.010409,-3.525661
m10_s08_e10_positions.txt.gz,m10,s08,e10,0,-8.506975,1.500000,6795.649823,66313.478096,1177.335747,150,12857.093801,278711.124941,2136.642617,297.140454,333.298894,686.917751,81820.331272,-3.138164,47927.958774,679.994168,-12.205015,30.137393,2.965619
m10_s09_e01_positions.txt.gz,m10,s09,e01,0,-7.520358,1.860000,2843.378198,22029.444026,678.179347,186,5305.852807,101619.077048,1607.157500,348.468303,107.817966,653.829015,27215.352449,-2.738525,15980.582118,497.882503,-149.564721,45.567277,-124.075252
m10_s09_e02_positions.txt.gz,m10,s09,e02,0,-8.356982,2.240000,3509.581562,27637.309062,749.576712,224,7874.647151,98528.364808,1774.590970,336.796240,154.090313,669.657282,34547.919318,-3.025249,20730.120044,515.612734,4.519721,6.625134,-0.014227
m10_s09_e03_positions.txt.gz,m10,s09,e03,0,-7.975311,2.250000,3160.894285,22052.971577,748.963738,225,5674.197236,70066.566127,1602.664832,321.661058,153.771860,685.142381,25608.596998,-2.893785,13017.937043,479.296551,-3.262882,-0.974132,0.423853
m10_s09_e04_positions.txt.gz,m10,s09,e04,0,-8.378798,2.380000,3089.638814,23186.645010,693.436144,238,6704.477757,72555.152018,1482.763233,344.574028,124.888238,662.112062,26646.446622,-3.375893,13130.598263,505.532879,2.032354,0.862173,1.607509
m10_s09_e05_positions.txt.gz,m10,s09,e05,0,-8.426947,2.200000,3722.991710,30033.534869,790.980090,220,8119.172575,99176.069784,1868.353546,330.674249,134.214816,705.774992,38700.213853,-2.986403,24406.829690,523.303027,-4.187013,3.716991,-3.123623
m10_s09_e06_positions.txt.gz,m10,s09,e06,0,-8.257732,2.350000,3027.368681,23300.051005,725.525415,235,5558.717244,97954.208900,1576.769444,343.245236,130.043843,692.871582,27183.796242,-2.943293,14002.371274,467.971417,5.812152,-1.817494,4.012286
m10_s09_e07_positions.txt.gz,m10,s09,e07,0,-8.288222,2.190000,3744.713532,28458.458375,779.907594,219,8266.908935,95885.639931,1796.699484,314.040880,131.219739,697.701612,34960.189872,-3.024088,20305.935655,530.295912,-0.130970,3.261845,1.993632
m10_s09_e08_positions.txt.gz,m10,s09,e08,0,-8.493813,2.310000,3371.862741,25737.033972,733.757816,231,6012.805577,93820.058050,1473.728547,306.909980,163.564250,691.633778,29336.444627,-3.310765,14079.490960,517.998376,0.864333,3.933893,-2.184014
m10_s09_e09_positions.txt.gz,m10,s09,e09,0,-8.185914,2.310000,3165.674998,23247.992605,743.278962,231,7220.884579,74411.364868,1680.516357,306.727874,156.530148,706.776979,28679.617997,-2.884186,16794.383832,473.449913,1.814148,-11.115705,2.562199
m10_s09_e10_positions.txt.gz,m10,s09,e10,0,-8.468897,2.400000,3525.126593,26953.447918,713.286890,240,7004.795694,68727.767394,1654.898699,332.949537,116.837983,700.373578,30722.193799,-3.510699,14743.298042,559.742314,-8.017680,-9.209671,-2.248997
m10_s10_e01_positions.txt.gz,m10,s10,e01,0,-9.768342,1.720000,369.743678,4072.796134,44.544389,172,655.716609,10371.878922,77.094415,23.525012,15.080911,18.008634,4517.506546,-2.674959,1954.532435,19.293910,9.051909,5.933941,-1.040967
m10_s10_e02_positions.txt.gz,m10,s10,e02,0,-9.542145,1.640000,424.470851,5048.717039,61.026089,164,899.498338,14025.073081,98.875447,30.732894,12.181817,35.393012,5557.418792,-2.635568,2322.791400,24.701440,6.251550,2.583438,-20.352250
m10_s10_e03_positions.txt.gz,m10,s10,e03,0,-9.531246,1.680000,374.912759,4722.607635,44.217131,168,969.160543,14566.547680,100.836877,27.592236,6.315760,18.377556,5436.747507,-2.589285,2693.547954,28.592252,-3.295534,-3.615435,-5.345457
m10_s10_e04_positions.txt.gz,m10,s10,e04,0,-9.092602,1.740000,358.911797,3976.011167,54.250351,174,701.448722,13387.452305,114.036803,17.111759,9.112245,30.730751,4684.407592,-3.226611,2476.895172,23.490796,1.088413,-0.333605,2.784386
m10_s10_e05_positions.txt.gz,m10,s10,e05,0,-10.156836,1.730000,342.630231,4501.465170,38.739562,173,607.779834,13973.816653,69.391094,27.427743,8.568861,18.889856,4895.121181,-2.405260,1923.284351,16.899380,15.650483,2.324453,-2.497610
m10_s10_e06_positions.txt.gz,m10,s10,e06,0,-9.509023,1.600000,426.400638,4912.413272,51.046385,160,747.228866,9867.601258,94.996580,21.305368,4.654347,18.932307,5449.870824,-2.810836,2359.933865,18.949078,1.194748,0.372799,6.269694
m10_s10_e07_positions.txt.gz,m10,s10,e07,0,-9.598079,1.640000,433.355981,5317.407033,58.609749,164,896.027123,10042.228947,99.997635,32.583555,10.751912,28.890323,5779.900371,-2.530945,2265.486865,21.895845,10.521403,-0.371163,2.749953
m10_s10_e08_positions.txt.gz,m10,s10,e08,0,-9.422612,1.610000,390.684450,4827.259306,63.489000,161,786.530776,9188.153360,95.502447,36.921457,12.905996,30.780984,5198.401721,-2.587770,1928.975905,21.202015,2.509236,3.242363,-8.230524
m10_s10_e09_positions.txt.gz,m10,s10,e09,0,-8.757620,1.620000,458.653488,5179.858787,54.642849,162,1204.873692,13306.550369,157.289175,13.722597,8.972400,35.967621,6083.022711,-2.273830,3189.393085,39.196245,8.534202,2.243999,2.436289
m10_s10_e10_positions.txt.gz,m10,s10,e10,0,-8.742946,1.680000,382.796159,4105.651624,69.929320,168,737.206812,11134.403725,124.303225,44.445607,10.683932,18.729034,4518.821321,-2.789590,1887.689296,24.656114,14.108184,3.273455,-11.287811
